"conversation_id_str","created_at","favorite_count","full_text","id_str","image_url","in_reply_to_screen_name","lang","location","quote_count","reply_count","retweet_count","tweet_url","user_id_str","username"
"1774585323932237911","Sun Mar 31 23:51:26 +0000 2024","1","Melalui Program IISMA Mahasiswi Psikologi Universitas Diponegoro Bawakan Cita Rasa Indonesia ke Republik Ceko https://t.co/51QwXcI9o0","1774585323932237911","","","in","Tembalang, Semarang","0","0","0","https://x.com/campusnesiacoid/status/1774585323932237911","4831061174","campusnesiacoid"
"1774554725612126642","Sun Mar 31 21:49:50 +0000 2024","0","hooo EPT sekarang ada joki dan pemalsuan sertifikat yaa... Kalo terkait pemalsuan sertifikat mungkin di IISMA/LPDP gamasuk secara ya harusnya mereka crosscheck validity certif nya Tapi kalau untuk lamar kerja dan lain-lain... Idk it's sad that we've come to this","1774554725612126642","","","in","DMs always open!","0","0","0","https://x.com/Starquisitor/status/1774554725612126642","1414932409678647301","Starquisitor"
"1774542428198068592","Sun Mar 31 21:00:58 +0000 2024","0","Btw mo cerita kmrn pas volunteer SUMPEH RELAWAN YG LAIN KEREN2 POL Ak temenan sm satu anak aiesec sm iisma bjrittttt trs gw diceritain deh tntg aiesec krn mata gw lgdg when i found out shes an aiesec","1774542428198068592","","","in","","0","1","0","https://x.com/r0salm0n/status/1774542428198068592","1359150939601567754","r0salm0n"
"1774376989803372956","Sun Mar 31 20:45:35 +0000 2024","0","@akuadn_ capek2 ngejar iisma dibilang gacha ","1774538556268220656","","akuadn_","in","lagi di 🇫🇷","0","0","0","https://x.com/laloyyy_/status/1774538556268220656","1147476441644191745","laloyyy_"
"1774538359198912620","Sun Mar 31 20:44:48 +0000 2024","0","Kalo ga IISMA ya S2 di PTLN tapi kalo bisa 22nya sih hehe","1774538359198912620","","","in","","0","0","1","https://x.com/springirlss/status/1774538359198912620","1760896638120550400","springirlss"
"1774530512696361142","Sun Mar 31 20:15:27 +0000 2024","0","@plattically Waduhh... *mempersiapkan diri*","1774530969707618750","","plattically","in","","0","0","0","https://x.com/marinettebgnoir/status/1774530969707618750","1235019439457726464","marinettebgnoir"
"1774527251754971363","Sun Mar 31 20:06:44 +0000 2024","0","@larrons__ IHH PLS IKUTAN LAGI NANTI (seruu bgtt)","1774528778846589012","","larrons__","in","","0","0","0","https://x.com/marinettebgnoir/status/1774528778846589012","1235019439457726464","marinettebgnoir"
"1774527251754971363","Sun Mar 31 20:01:32 +0000 2024","0","@ARkesmaaa Gass inimah","1774527468839551156","","ARkesmaaa","in","","0","0","0","https://x.com/marinettebgnoir/status/1774527468839551156","1235019439457726464","marinettebgnoir"
"1774527251754971363","Sun Mar 31 20:00:40 +0000 2024","3","AWAOKWKWKW DEMIAPA SERU BGT","1774527251754971363","","","in","","0","2","0","https://x.com/marinettebgnoir/status/1774527251754971363","1235019439457726464","marinettebgnoir"
"1774521652753334535","Sun Mar 31 20:00:17 +0000 2024","0","@Bvtterflywaltz Sem 7 juga skem abis pertukaran pelajar ngandelin iisma doang anjirrr itu jg batas nya Sem 6","1774527155600498766","","Bvtterflywaltz","in","Jakarta Capital Region, Indone","0","0","0","https://x.com/phatetixx/status/1774527155600498766","1613263823217233922","phatetixx"
"1774518337206358271","Sun Mar 31 19:35:43 +0000 2024","0","@QforKyu @myxaurora @kripikpringlesh @ARkesmaaa Demiapapun ini kocak bgt","1774520972999372986","","Plattykyu","in","","0","0","0","https://x.com/marinettebgnoir/status/1774520972999372986","1235019439457726464","marinettebgnoir"
"1774499535626408387","Sun Mar 31 19:10:46 +0000 2024","0","@IISMAfess Boleh tapi harus ttep di approve pihak iisma ya (ak tau dri alumni sebelumnya)","1774514692230369450","","IISMAfess","in","","0","0","0","https://x.com/new2nuw/status/1774514692230369450","1759425299891273728","new2nuw"
"1774502465662304451","Sun Mar 31 18:30:18 +0000 2024","0","gua pun kalau kemarin jadi ikut IISMA gua mahasiswa bisnis tapi ambil matkul Hukum sama AI. dan gua feeling itu ga bisa dikonversi. kalau ngulang it's fine yg penting gua dapat apa yg udh gua design buat gua sendiri. btw sebagai mahasiswa normal kah punya pikiran begini?","1774504508254777514","","KevnTWidjaya","in","Mars, Milky Way","0","0","0","https://x.com/KevnTWidjaya/status/1774504508254777514","1655987378014789632","KevnTWidjaya"
"1774503889397751818","Sun Mar 31 18:27:58 +0000 2024","0","Para mahasiswa yang berhasil menerima beasiswa IISMA 2024 akan tersebar di 121 Perguruan Tinggi Luar Negeri (PTLN) di berbagai negara. Para mahasiswa direncanakan akan memulai pertukaran pelajar pada semester berikutnya sesuai dengan jadwal akademik universitas yang mereka tuju.","1774503921341632610","","3OO5oz","in","","0","0","0","https://x.com/3OO5oz/status/1774503921341632610","1221054590881161222","3OO5oz"
"1774310043917402114","Sun Mar 31 17:02:16 +0000 2024","0","@granolish unipi otw msuk guinness book of iisma record‼️","1774482356105269337","","granolish","in","","0","0","0","https://x.com/noarrk/status/1774482356105269337","1286078169410236417","noarrk"
"1774457587561332756","Sun Mar 31 16:53:26 +0000 2024","0","@triceratob tinggalkan pacarmu dan pergi bersamaku","1774480131555487928","","triceratob","in","she/they 21","0","1","0","https://x.com/psikobagiduo/status/1774480131555487928","1561926421626650624","psikobagiduo"
"1774479665530593703","Sun Mar 31 16:51:35 +0000 2024","0","kapan libur lebaran pls","1774479667573162190","","psikobagiduo","in","she/they 21","0","1","0","https://x.com/psikobagiduo/status/1774479667573162190","1561926421626650624","psikobagiduo"
"1774479665530593703","Sun Mar 31 16:51:35 +0000 2024","0","anjir pusing mana besok lanjut ke kampus","1774479665530593703","","","in","she/they 21","0","1","0","https://x.com/psikobagiduo/status/1774479665530593703","1561926421626650624","psikobagiduo"
"1774470770456141859","Sun Mar 31 16:45:53 +0000 2024","0","@claphoria HAHA YAKAN DUH","1774478231162478618","","claphoria","in","","0","0","0","https://x.com/monichatime/status/1774478231162478618","1312722224680296448","monichatime"
"1774281194487877915","Sun Mar 31 16:45:35 +0000 2024","0","@suirvives Tp semoga ga di prank sama pihak iisma","1774478158194147643","","suirvives","in","🇭🇺 ","0","0","0","https://x.com/personaofme_/status/1774478158194147643","1704829089146863616","personaofme_"
"1773896902163206625","Sun Mar 31 16:44:29 +0000 2024","0","@Asha_Ganteng iyaa harus ada ttd kui nyaa","1774477881093296213","","Asha_Ganteng","in","she/they 21","0","0","0","https://x.com/psikobagiduo/status/1774477881093296213","1561926421626650624","psikobagiduo"
"1774474906295808438","Sun Mar 31 16:33:35 +0000 2024","0","aneh bGT LAGIAAANN coping mechanismnya jelek bgt ngatain awardees gacha meanwhile kita ga pernah tau apa aja kriteria dr iisma dan lpdp ‍️‍️","1774475138102427873","","anahiejm","in","","0","0","0","https://x.com/anahiejm/status/1774475138102427873","1474769213076037632","anahiejm"
"1774474906295808438","Sun Mar 31 16:32:40 +0000 2024","0","wow iisma gacha gw dua kali berarti","1774474906295808438","","","in","","0","1","0","https://x.com/anahiejm/status/1774474906295808438","1474769213076037632","anahiejm"
"1774473365790822835","Sun Mar 31 16:29:18 +0000 2024","3","@amebicano LITERALLYYYY!! aku pas iisma seangkatan sm Gem dan bahkan ada satu group line sjdhsjhsja","1774474058358477052","","amebicano","in","","1","2","0","https://x.com/fayhaqi/status/1774474058358477052","1240838850521362433","fayhaqi"
"1774472760619839710","Sun Mar 31 16:24:08 +0000 2024","0","iisma this iisma that iis dahlia","1774472760619839710","","","in","","0","0","0","https://x.com/gemlni_ti/status/1774472760619839710","1407737700594032644","gemlni_ti"
"1774472698426728945","Sun Mar 31 16:23:54 +0000 2024","90","IISMA! Mau nanya emang se-flawless apa essay achievement dan nilai ept lho yang pada nge saltyin awardees 24 sampe merasa entitled buat diterima iisma? sampe nge discredit yg keterima? pede lu usaha dan doa nya lebih tekun dri yg keterima?","1774472698426728945","","","in","","10","6","3","https://x.com/IISMAfess/status/1774472698426728945","1499958413467344896","IISMAfess"
"1774471142025416958","Sun Mar 31 16:17:42 +0000 2024","1","buka proofreader essay iisma dia guys ayo yg mau ikut tahun depan proofread sama vernon ","1774471142025416958","","","in","Indonesia","1","0","0","https://x.com/acuppateaa_/status/1774471142025416958","1389353062129487878","acuppateaa_"
"1774457587561332756","Sun Mar 31 16:15:19 +0000 2024","0","@aylevars MASCARA SOMETHINC HUNGOVER!!!! BAGUS BANGET EMANG ITU‼️‼️","1774470541426278666","","aylevars","in","she/they 21","0","1","0","https://x.com/psikobagiduo/status/1774470541426278666","1561926421626650624","psikobagiduo"
"1774469951946162658","Sun Mar 31 16:12:59 +0000 2024","1","pengen viral deh","1774469951946162658","","","in","","0","0","0","https://x.com/rukipar/status/1774469951946162658","1139799461834551297","rukipar"
"1774468996651426111","Sun Mar 31 16:09:11 +0000 2024","0","Tapi iya h-1 jadwal interview iisma ku aku mock interview sama katingku. Dan tau apa katanya? Aku gak siap buat interview BOOM i almost cried but yeah abis mock interview aku latihan sendiri lagi","1774468996651426111","","","in","amerisya usyara","0","1","0","https://x.com/__anxldkfk/status/1774468996651426111","1620300789343481856","__anxldkfk"
"1774466865546604956","Sun Mar 31 16:04:11 +0000 2024","0","@multitaskign joki minimal 160 sih","1774467737173295449","","multitaskign","in","she/they 21","0","1","0","https://x.com/psikobagiduo/status/1774467737173295449","1561926421626650624","psikobagiduo"
"1774464429901713809","Sun Mar 31 15:59:01 +0000 2024","0","@Hyungstress kali ini ultahnya ldr ya","1774466438818140433","","Hyungstress","in","she/they 21","0","1","0","https://x.com/psikobagiduo/status/1774466438818140433","1561926421626650624","psikobagiduo"
"1774462252256829477","Sun Mar 31 15:51:54 +0000 2024","1","Aku ga menyangkal kok rasio anak vo yang keterima sama yang apply iisma kaya gimana. Tapi coba dipikir sama faktor lain kaya dipakainya TOEIC sebagai EPT dan banyaknya host unis vo yang very industry-centered bukan discussion/theory centered.","1774464645270790400","","glassesandcurl","in","","0","1","0","https://x.com/glassesandcurl/status/1774464645270790400","1300420443145289729","glassesandcurl"
"1774464429901713809","Sun Mar 31 15:51:02 +0000 2024","20","antara sedih sama seneng dia mau pergi iisma @psikobagiduo https://t.co/WGRoKuUa81","1774464429901713809","https://pbs.twimg.com/media/GKAp-Oma8AAHxvG.jpg","","in","avant heim","0","7","2","https://x.com/Hyungstress/status/1774464429901713809","1185517359441694720","Hyungstress"
"1774464009825374331","Sun Mar 31 15:49:22 +0000 2024","0","jgn marah klo punya pacar yg kayak anjg soalnya anjg itu setia seharusnya bangga","1774464009825374331","","","in","","0","1","0","https://x.com/marinettebgnoir/status/1774464009825374331","1235019439457726464","marinettebgnoir"
"1774432544634892716","Sun Mar 31 13:44:20 +0000 2024","12","para awardeez iisma! dan iismavo! setelah kalian lulus siapa yg kalian ingin ucapkan terima kasih tapi sampai skrng blm kesampaian?? yuk skrng ucapin dicomments!!","1774432544634892716","","","in","","5","12","1","https://x.com/IISMAfess/status/1774432544634892716","1499958413467344896","IISMAfess"
"1774112048479342899","Sun Mar 31 13:42:49 +0000 2024","0","@kegabutanagata yhh makasih juga orang yg bikin aku kompetitif di akademik dari semester 1 wont be trying so hard if not for you fr work-life balance: be a yapper","1774432161871081904","","kegabutanagata","in","","0","0","0","https://x.com/soaringcrow_/status/1774432161871081904","1514545687769550852","soaringcrow_"
"1774112048479342899","Sun Mar 31 13:41:26 +0000 2024","0","@kegabutanagata km udh ga sayang kita ya dig udh jarang main sm kita makanya gaada foto","1774431815492907416","","kegabutanagata","in","","0","1","0","https://x.com/soaringcrow_/status/1774431815492907416","1514545687769550852","soaringcrow_"
"1774427895500603556","Sun Mar 31 13:35:20 +0000 2024","0","@IISMAfess aku semua uni","1774430277915615518","","IISMAfess","in","","0","1","0","https://x.com/jaehyunightsky/status/1774430277915615518","4668378554","jaehyunightsky"
"1774427895500603556","Sun Mar 31 13:34:57 +0000 2024","0","@IISMAfess masukin 1 dan 2 keterima di pil 3","1774430181383704988","","IISMAfess","in","","0","0","0","https://x.com/kaylillla/status/1774430181383704988","1754383702405292032","kaylillla"
"1774430033878380762","Sun Mar 31 13:34:22 +0000 2024","2","orang iisma yg sombonk @.ain https://t.co/OzRrQanBpN","1774430033878380762","https://pbs.twimg.com/media/GKAKtVGaUAEwoaI.jpg","","in","","0","0","0","https://x.com/4seasonsfliedby/status/1774430033878380762","1318557930984214532","4seasonsfliedby"
"1774427895500603556","Sun Mar 31 13:29:45 +0000 2024","0","@IISMAfess Semua","1774428873922646041","","IISMAfess","in","Carat Land ","0","0","0","https://x.com/HoshiKkokkoya/status/1774428873922646041","832171450429628416","HoshiKkokkoya"
"1774428380999619065","Sun Mar 31 13:27:47 +0000 2024","27","BOLEH NGULANG IISMA LAGI GAK minimal 728x gitu tapi gak pake ngampus mau spend time sama mereka aja https://t.co/l9U5P3zlpf","1774428380999619065","https://pbs.twimg.com/ext_tw_video_thumb/1774428358111281152/pu/img/ySGxA4J7QliJqfX2.jpg","","in","","0","1","0","https://x.com/mmartabaktelor/status/1774428380999619065","1275813538469081088","mmartabaktelor"
"1774427895500603556","Sun Mar 31 13:26:29 +0000 2024","0","@IISMAfess 1 nder tp keterimanya jg gak disitu","1774428052635918689","","IISMAfess","in","","0","0","0","https://x.com/renlukee/status/1774428052635918689","1408166980444516352","renlukee"
"1774427895500603556","Sun Mar 31 13:25:52 +0000 2024","151","IISMA! awardees yang keterima taun inii boleh tau nggaa kalian di essay no 2 sebutin semua uni atau enggaa?","1774427895500603556","","","in","","9","99","5","https://x.com/IISMAfess/status/1774427895500603556","1499958413467344896","IISMAfess"
"1774424508767801752","Sun Mar 31 13:23:44 +0000 2024","0","@hannncill banyak org cuy trnyata","1774427357794996280","","hannncill","in","","0","0","0","https://x.com/renlukee/status/1774427357794996280","1408166980444516352","renlukee"
"1774426590136700989","Sun Mar 31 13:20:40 +0000 2024","0","wajah gw emg bkn wajah2 iisma bjirrrr","1774426590136700989","","","in","toilet","0","0","0","https://x.com/expelliarlmus/status/1774426590136700989","1176049085356204032","expelliarlmus"
"1774425937192665534","Sun Mar 31 13:18:05 +0000 2024","1","happy easter !! ga ikutan mencari telur tadi di gereja soalnya mengungsi ke ruang dancer buat zoom first gathering iisma region 5 but it s okay i got croffles https://t.co/gQHfFCAAyZ","1774425937192665534","https://pbs.twimg.com/media/GKAG-sXagAAm5y4.jpg","","in","ci personal space - ui’22","0","1","0","https://x.com/yanqjunqwon/status/1774425937192665534","1358697790071664640","yanqjunqwon"
"1394210961037303810","Sun Mar 31 13:12:50 +0000 2024","0","Jasa Beli/Bayar/co/ check out/purchase/pay/order tes Duolingo English Test (DET) (6172) Pembayaran Duolingo english test payment Semangat pejuang iisma ict lpdp dan yang pengen kuliah di luar negeri 2024 Sini nona https://t.co/hrk0u6j8ns","1774424616632803359","https://pbs.twimg.com/media/GKAFx7JasAA5E9t.jpg","my_dreamhanguk","in","","0","1","0","https://x.com/my_dreamhanguk/status/1774424616632803359","1368539958458294275","my_dreamhanguk"
"1774420476359848102","Sun Mar 31 12:58:02 +0000 2024","1","brain rot men cm KAPAN YA BS EKSEKUSINYA cm mrk sangat sangat bocah iisma dan kakak ppi hehe","1774420893302935573","","boollivan","in","she/her | legal","0","0","0","https://x.com/boollivan/status/1774420893302935573","1713137372819509248","boollivan"
"1774420476359848102","Sun Mar 31 12:56:23 +0000 2024","9","anjir 2 bocah iisma ft kk syot ketua ppi di sana https://t.co/V8lnUkJjGQ","1774420476359848102","https://pbs.twimg.com/media/GKACBA7aQAAMCe-.jpg","","in","she/her | legal","0","1","0","https://x.com/boollivan/status/1774420476359848102","1713137372819509248","boollivan"
"1774418753553609160","Sun Mar 31 12:53:57 +0000 2024","9","whatever you said nder. tapi rejeki itu gaakan ketuker serius deh. untuk yang lolos iisma lewat jalur yang aneh aneh may Allah guide you to be better. untuk yang belum rejeki iisma pasti Allah siapin rejeki yang lebih baik! ","1774419862607249688","","arubijani","in","🇪🇸 soon!","0","0","0","https://x.com/arubijani/status/1774419862607249688","1287961220704694275","arubijani"
"1774402676903817648","Sun Mar 31 12:46:08 +0000 2024","1","@ustadchen Semoga aku lolos iisma di aussie!","1774417898737705257","","ustadchen","in","semester 5","0","0","0","https://x.com/saikororamen/status/1774417898737705257","1302292475516579843","saikororamen"
"1774327771579510885","Sun Mar 31 12:44:21 +0000 2024","1","@SAASH1MI makasih ya iisma awardee ","1774417448714031321","","SAASH1MI","in","she/they","0","0","0","https://x.com/SUFFOCATHIING/status/1774417448714031321","1217386519066890240","SUFFOCATHIING"
"1774412041681596607","Sun Mar 31 12:44:04 +0000 2024","0","@mitchyuvly Cantik bangett","1774417376014184834","","mitchyuvly","in","","0","0","0","https://x.com/saphnad/status/1774417376014184834","1750443024705081344","saphnad"
"1774416643193766194","Sun Mar 31 12:41:10 +0000 2024","0","oh astaga gua juga jadi makin pengen daftar iisma tahun dpn? amin","1774416647291580492","","wordkisser","in","mostly write jjkdilfs","0","0","0","https://x.com/wordkisser/status/1774416647291580492","984268697299664897","wordkisser"
"1774348207365181766","Sun Mar 31 12:36:46 +0000 2024","1","@scallistara kamu tinggal kasih liat aja proof keterimamu di web iisma atau apa gituu di apk m paspor kalo pilih buat study abroad itu harus ada alamat tinggal kamu disana kan (asrama misal) nah karena kamu blm tau bakal tinggal dimana kamu bisa blg ke bapaknya alasan kamu milih reguler tu","1774415541475893468","","scallistara","in","successverse","0","1","0","https://x.com/dohtore/status/1774415541475893468","1597198865769590785","dohtore"
"1774413827486142470","Sun Mar 31 12:32:13 +0000 2024","1","@wonluckbag anak iisma jatuh cinta dengan mas2 racing","1774414393129972022","","wonluckbag","in","20 || enfp","0","0","0","https://x.com/hanwonuist/status/1774414393129972022","1500130047566368771","hanwonuist"
"1774294732564574458","Sun Mar 31 12:24:09 +0000 2024","2","@vernonkemang @tang__kira tadi nonton sama mama ini aju nice sampe saur ya kalian? ","1774412365418934623","","vernonkemang","in","she/her - 🇲🇨 03’","0","0","0","https://x.com/lilacmoon22/status/1774412365418934623","1318209317200261121","lilacmoon22"
"1774398540498051229","Sun Mar 31 12:23:30 +0000 2024","3","@IISMAfess aku personally ttd kontrak bersyarat jd bs dipause selama iisma &amp; lanjut lg setelah balik. coba ajaa carii","1774412199601283205","","IISMAfess","in","","0","0","0","https://x.com/avrch1ves/status/1774412199601283205","1627313264035254274","avrch1ves"
"1774402676903817648","Sun Mar 31 12:21:19 +0000 2024","0","@ustadchen Taun depan aku jdi awardee iisma","1774411651175088143","","ustadchen","in","","0","0","0","https://x.com/lagicapekajaskr/status/1774411651175088143","1734485906911039488","lagicapekajaskr"
"1774409080838533538","Sun Mar 31 12:21:02 +0000 2024","0","@amamiyaws AKU JUGA PMM AWALNYA tapi tiba2 pengen iisma ajh akan ku pikirkan lagih","1774411580257788183","","amamiyaws","in","they/them","0","1","0","https://x.com/spacedashtime/status/1774411580257788183","1663534517020426244","spacedashtime"
"1774411437546586228","Sun Mar 31 12:20:28 +0000 2024","3","ada banyak tp itu semua umum banget. yang spesifik: 1. lolos IISMA 2025 ke JEPANG HARUS JEPANG MAU CARI GOJO SATORU 🇯🇵 2. motor YAMAHA GRAND FILANO ya alloh motor suzuki shogun ku dah sering masuk bengkel 3. bisa hasilin uang yang lumayan dari hobi","1774411437546586228","","","in","","0","0","0","https://x.com/hishoneyrey/status/1774411437546586228","1655020831930732544","hishoneyrey"
"1774409080838533538","Sun Mar 31 12:19:38 +0000 2024","0","@amamiyaws pmm atau iisma sal enaknya","1774411229718851937","","amamiyaws","in","they/them","0","1","0","https://x.com/spacedashtime/status/1774411229718851937","1663534517020426244","spacedashtime"
"1774101552883707930","Sun Mar 31 12:18:56 +0000 2024","0","@DraftAnakUnpad aku bisa","1774411050668188010","","DraftAnakUnpad","in","she/her - 🇲🇨 03’","0","0","0","https://x.com/lilacmoon22/status/1774411050668188010","1318209317200261121","lilacmoon22"
"1774399769945014678","Sun Mar 31 12:14:10 +0000 2024","1","@vodkissed Wannabe that UI(?) kid yg iup n daftar iisma digoreng krispi sama netizen tiktok","1774409854649778450","","vodkissed","in","","0","2","0","https://x.com/k3vasimanuel/status/1774409854649778450","1336540821097574400","k3vasimanuel"
"1774409080838533538","Sun Mar 31 12:11:06 +0000 2024","0","ikut iisma ga ya tahun depan","1774409080838533538","","","in","they/them","0","2","0","https://x.com/spacedashtime/status/1774409080838533538","1663534517020426244","spacedashtime"
"1774408580705481097","Sun Mar 31 12:09:07 +0000 2024","0","Sebanyak 2.277 mahasiswa telah dinyatakan lolos seleksi beasiswa Indonesian International Student Mobility Awards (IISMA) 2024. https://t.co/6pWkaCxxML","1774408580705481097","","","in","Jakarta","0","0","1","https://x.com/kompascom/status/1774408580705481097","23343960","kompascom"
"1774405217737724290","Sun Mar 31 11:55:45 +0000 2024","1","gaes mau nanya dong ada yg keterima iisma nggaa?? aku pengen tanyaa tanyaa soal iismaa :(","1774405217737724290","","","in","Visit Us 👉🏽","0","4","0","https://x.com/polbanfess/status/1774405217737724290","1187636674269827073","polbanfess"
"1774318039351382300","Sun Mar 31 11:47:09 +0000 2024","0","@lillthy_ Ada orgil ikut iisma huft","1774403053724352704","","lillthy_","in","Indonesia","0","0","0","https://x.com/sorefify/status/1774403053724352704","1167363133498724352","sorefify"
"1773936055697482022","Sun Mar 31 11:42:31 +0000 2024","0","@adriiillll @pancake_dome @IISMAfess ehh aku udah ttd sendiri dan blm ke imigrasi... gimana ya","1774401888248910046","","adriiillll","in","she/they 21","0","1","0","https://x.com/psikobagiduo/status/1774401888248910046","1561926421626650624","psikobagiduo"
"1774398540498051229","Sun Mar 31 11:33:23 +0000 2024","0","@IISMAfess carii yg kontrak 6 bulan ajaa kalo magang","1774399591359922247","","IISMAfess","in","","0","0","0","https://x.com/jaehyunightsky/status/1774399591359922247","4668378554","jaehyunightsky"
"1774398540498051229","Sun Mar 31 11:29:13 +0000 2024","1","IISMA! ambil kerja sambil nunggu departure yay or nay?tapi resign pas mau berangkat.. aku departure september btw","1774398540498051229","","","in","","0","6","0","https://x.com/IISMAfess/status/1774398540498051229","1499958413467344896","IISMAfess"
"1774397637212655741","Sun Mar 31 11:25:38 +0000 2024","0","Cocotmu njir ngerasa superior kh","1774397637212655741","","","in","Poussay, France","0","0","0","https://x.com/orangterbejo/status/1774397637212655741","447893950","orangterbejo"
"1774362880257011760","Sun Mar 31 11:23:58 +0000 2024","0","@curedmiyawaki Ohiya btup","1774397218025533767","","curedmiyawaki","in","Poussay, France","0","0","0","https://x.com/orangterbejo/status/1774397218025533767","447893950","orangterbejo"
"1774393785570799919","Sun Mar 31 11:10:19 +0000 2024","6","pesona cowo iisma https://t.co/Z3Lku3ez2x","1774393785570799919","https://pbs.twimg.com/media/GJ_pvI4a8AAEbEe.jpg","","in","she/her | legal","0","0","0","https://x.com/boollivan/status/1774393785570799919","1713137372819509248","boollivan"
"1774393000145424569","Sun Mar 31 11:07:12 +0000 2024","0","jgn dipelihara ya sakit hatinya","1774393000145424569","","","in","","0","0","0","https://x.com/titaheree/status/1774393000145424569","1620250909287776258","titaheree"
"1774391952425046492","Sun Mar 31 11:03:02 +0000 2024","0","gue yakin Taneo gamau polah soalnya doi penerima iisma takut citranya jadi gabener wkwk","1774391952425046492","","","in","🕯️ PUROK ENAM 🕯️","0","0","0","https://x.com/latekamikaze/status/1774391952425046492","141862702","latekamikaze"
"1774355667597590841","Sun Mar 31 10:55:35 +0000 2024","0","@milyztone waktunya sksd ke turah","1774390077436895375","","deswicinta","in","Ireland","0","1","0","https://x.com/deswicinta/status/1774390077436895375","1200373833460404224","deswicinta"
"1774387574133698593","Sun Mar 31 10:54:32 +0000 2024","0","@minnie7xy wiih iisma ya ka","1774389810943475727","","yuqi99led","in","","0","1","0","https://x.com/devonross_vals/status/1774389810943475727","1762462039660986368","devonross_vals"
"1774355667597590841","Sun Mar 31 10:53:31 +0000 2024","0","@milyztone online course dr mana wkwk. otw byelingual ","1774389554944057545","","milyztone","in","Ireland","0","1","0","https://x.com/deswicinta/status/1774389554944057545","1200373833460404224","deswicinta"
"1774388734513004964","Sun Mar 31 10:50:15 +0000 2024","0","Yet people here mocking them like theyre lower level than us padahal 11 12 mau pervertnya kek atau streetfoodnya juga jorok banyak lalat","1774388734513004964","","","in","Poussay, France","0","0","0","https://x.com/orangterbejo/status/1774388734513004964","447893950","orangterbejo"
"1774115790658420996","Sun Mar 31 10:50:10 +0000 2024","0","@cingcongcenk next zoom wajib ikutt!","1774388712866255256","","cingcongcenk","in","","0","0","0","https://x.com/iismahereicome/status/1774388712866255256","1648620604311080963","iismahereicome"
"1774385214946791799","Sun Mar 31 10:36:16 +0000 2024","3","IISMA! kalo ada tanda kuning gitu aman aja kan ya? karena sisa dokumen deskripsi nya aku kosongin https://t.co/43YVKYBmuj","1774385214946791799","https://pbs.twimg.com/media/GJ_h8ytboAAbjN0.png","","in","","0","1","0","https://x.com/IISMAfess/status/1774385214946791799","1499958413467344896","IISMAfess"
"1774017475233091892","Sun Mar 31 10:30:47 +0000 2024","1","@sbmptnfess belajar baru pas ketolak snm 748 tp selama 1 5 bulan itu beneran belajar bangett bangett dari jam 8 pagi-4 sore tiap harinya","1774383836832686269","","sbmptnfess","in","Germany","0","0","0","https://x.com/nasikucinx/status/1774383836832686269","1528272538908119040","nasikucinx"
"1774383795019657306","Sun Mar 31 10:30:37 +0000 2024","2","iisma! awardees spill dong kalian di host uninya range nilai tesnya berapa-berapa? thank youu","1774383795019657306","","","in","","1","0","0","https://x.com/IISMAfess/status/1774383795019657306","1499958413467344896","IISMAfess"
"1774382309732716609","Sun Mar 31 10:24:43 +0000 2024","8","Iisma! Apakah nanti ketika pengurusan visa yg cofunding harus menyerahkan tabungan 100 juta? Atau juga dapet guarantee letter seperti yg regular makasih","1774382309732716609","","","in","","0","1","1","https://x.com/IISMAfess/status/1774382309732716609","1499958413467344896","IISMAfess"
"1774262520943100178","Sun Mar 31 10:23:28 +0000 2024","0","@IISMAfess To help you all get a better perspective. Dari IISMA 2023 Reg Aus dokumen yg diupload di DMS sampai selesai pelaporan di Jan 2024 tidak pernah berubah jadi verified. Yg penting dari kita sudah dilengkapi ya.... #Semangat #Congrats Awardee 2024","1774381993368944836","","IISMAfess","in","Indonesia","0","0","0","https://x.com/GraceHeny/status/1774381993368944836","47267747","GraceHeny"
"1774376329871577179","Sun Mar 31 10:17:15 +0000 2024","0","@bokovoiglaz bjirs belom hari ini","1774380431456284683","","bokovoiglaz","in","","0","0","0","https://x.com/marinettebgnoir/status/1774380431456284683","1235019439457726464","marinettebgnoir"
"1774323555976806908","Sun Mar 31 10:16:24 +0000 2024","1","@telorsoel I think it's part of their grieving process (in this case belum keterima iisma) and it's find n quite normal imo kalau di-keep sendiri aja. TAPI kalau dibawa ke base gini yg ada malah mancing ribut daripada dapat simpati pemilihan media dan caranya aja yg kurang tepat","1774380213763449236","","telorsoel","in","","0","2","0","https://x.com/supermiechelle/status/1774380213763449236","1737300580819943424","supermiechelle"
"1774380153776550180","Sun Mar 31 10:16:10 +0000 2024","0","sesaat setelah daftar iisma aku udah ada what ny older bro would call deal-dealan politik sama ketua dpm :^) jadi doaku cuma satu kasih tunjuk mana yang bakal jadi jalanku. ternyata ya jalannya buat mengawal regenerasi organisasi yg berani kubilang baru revive periode ini.","1774380155525542240","","tenfeetdrown","in","","0","1","0","https://x.com/tenfeetdrown/status/1774380155525542240","1208948672634843136","tenfeetdrown"
"1774376329871577179","Sun Mar 31 10:05:44 +0000 2024","0","@sepertigaons AWAOWKKWKWKW","1774377532789535002","","sepertigaons","in","","0","0","0","https://x.com/marinettebgnoir/status/1774377532789535002","1235019439457726464","marinettebgnoir"
"1774376662832202157","Sun Mar 31 10:02:17 +0000 2024","5","yang bilang pendanaan dari kampus buat cofunding sepertinya tidak bisa di kampus sender. iisma! ada kesempatan lain apa ya selain iisma capek ditolak mulu","1774376662832202157","","","in","","0","4","0","https://x.com/IISMAfess/status/1774376662832202157","1499958413467344896","IISMAfess"
"1774324023096418760","Sun Mar 31 07:30:31 +0000 2024","0","@IISMAfess ikuttt","1774338471701979169","","IISMAfess","in","","0","0","0","https://x.com/succesisme/status/1774338471701979169","1683487802619461632","succesisme"
"1774314744901669176","Sun Mar 31 07:21:22 +0000 2024","2","@frisianredflag Jgn sampe nyesel ya apii banyak temenku nyesel masuk uin krn hal ini. Gabisa ikut iisma msib kampus mengajar pertukaran mahasiswa","1774336165585490197","","frisianredflag","in","","0","1","0","https://x.com/dukeofsemarang/status/1774336165585490197","1647891966913544198","dukeofsemarang"
"1774105581919588845","Sun Mar 31 07:05:26 +0000 2024","0","@jaaaahraaa YOI SIST","1774332156430680119","","jaaaahraaa","in","","0","0","0","https://x.com/monichatime/status/1774332156430680119","1312722224680296448","monichatime"
"1774324023096418760","Sun Mar 31 06:33:07 +0000 2024","13","IISMA! Gaesss yang mau ikut cofoundd buat grup yukk!!! biar semangatin dan sharing info","1774324023096418760","","","in","","0","31","0","https://x.com/IISMAfess/status/1774324023096418760","1499958413467344896","IISMAfess"
"1774080461339586562","Sun Mar 31 06:31:18 +0000 2024","0","@IISMAfess temenan dong yg mau cofoundd buat grup klo bisaaa","1774323569054683344","","IISMAfess","in","","0","0","0","https://x.com/AwardeIISMA24/status/1774323569054683344","1559703066407907328","AwardeIISMA24"
"1774313555946590623","Sun Mar 31 06:28:51 +0000 2024","0","@kalahkulus IH MAUU","1774322952181543232","","kalahkulus","in","","0","0","0","https://x.com/marinettebgnoir/status/1774322952181543232","1235019439457726464","marinettebgnoir"
"1774317424277418301","Sun Mar 31 06:26:55 +0000 2024","0","@pompomfess Lumayanlah buat simpenan aven https://t.co/hzDzfn77aM","1774322464241406303","https://pbs.twimg.com/media/GJ-o4JzaQAAvrWL.jpg","pompomfess","in","Ireland","0","0","0","https://x.com/deswicinta/status/1774322464241406303","1200373833460404224","deswicinta"
"1774280322336829528","Sun Mar 31 06:25:48 +0000 2024","1","@avrch1ves WKWK RILL LUCU BINGBING KITA","1774322181494948273","","avrch1ves","in","","0","0","0","https://x.com/jaehyunightsky/status/1774322181494948273","4668378554","jaehyunightsky"
"1731168871237984283","Sun Mar 31 06:24:33 +0000 2024","0","@imfckinclueless @IISMAfess halo ka chel maaf aku boleh dm untuk tanya2 seputar iisma ka? tysm kaa","1774321867664613618","","imfckinclueless","in","","0","0","0","https://x.com/bbylilllac/status/1774321867664613618","1239883092703117312","bbylilllac"
"1774286761675587695","Sun Mar 31 06:22:56 +0000 2024","1","@louderthanbams bisa","1774321463765746044","","louderthanbams","in","she/they 21","0","1","0","https://x.com/psikobagiduo/status/1774321463765746044","1561926421626650624","psikobagiduo"
"1774320022044942498","Sun Mar 31 06:17:13 +0000 2024","0","udah sih anjir tinggal terima aja keputusan yg iisma buat? mungkin km punya clear visions tp daya tampungnya cuma 5 orang dan ada 5 orang yang lebih wow dari km. we re tryin to move on here at least km jg coba utk legowo ","1774320022044942498","","","in","","0","0","0","https://x.com/hallahallaw/status/1774320022044942498","1410888698489495557","hallahallaw"
"1774317463242695117","Sun Mar 31 06:13:26 +0000 2024","0","@oneand0nlyjnsuh banyak testimoni jugaa ada yang lolos IISMA jugaa ada akun twtnyaa banyak banget testimoninya kalo mau tanya tanya bolee yaa","1774319072215478765","","bangyedeam","in","","0","0","0","https://x.com/bangyedeam/status/1774319072215478765","1529144173755961344","bangyedeam"
"1774318039351382300","Sun Mar 31 06:09:20 +0000 2024","0","IISMA TOLONG SEDIAKAN SISTEM PENGADUAN YANG BAIK BUAT GINIAN PLEASE.","1774318039351382300","","","in","Indonesia","0","1","0","https://x.com/sorefify/status/1774318039351382300","1167363133498724352","sorefify"
"1774300627516248527","Sun Mar 31 05:00:09 +0000 2024","0","banjir air mata","1774300627516248527","","","in","","0","0","0","https://x.com/marinettebgnoir/status/1774300627516248527","1235019439457726464","marinettebgnoir"
"1774273117374005303","Sun Mar 31 04:56:40 +0000 2024","5","@seabloe @IISMAfess aku pas baca ini daritadi masih bertanya-tanya soalnya bikin heran","1774299754270527954","","seabloe","in","eng/idn ","0","0","0","https://x.com/dctroit/status/1774299754270527954","1470004417466232834","dctroit"
"1774299699660656795","Sun Mar 31 04:56:27 +0000 2024","1","semoga aku bisa waras menghadapi smt 6 project kp dan pre departure prep iisma","1774299699660656795","","","in","lagi di 🇫🇷","0","1","0","https://x.com/laloyyy_/status/1774299699660656795","1147476441644191745","laloyyy_"
"1774292006266863858","Sun Mar 31 04:25:53 +0000 2024","6","[MEDPAR DINAMIKA] Assalamu'alaikum Warahmatullahi Wabarakatuh Halo Semuanya Pengen coba belajar ke luar negeri tapi belum tau MOSMA? Mirip-mirip dengan IISMA? Untuk kalian mahasiswa PTKIN nih wajib banget tahu program dari KEMENAG yang satu ini. https://t.co/Bj8z7VFFSp","1774292006266863858","https://pbs.twimg.com/media/GJ-NLULbUAAV1L1.jpg","","in","Medan - UIN Sumatera Utara","0","1","0","https://x.com/LPM_Dinamika/status/1774292006266863858","51655849","LPM_Dinamika"
"1774274546948087889","Sun Mar 31 04:21:25 +0000 2024","3","@cursingname kok org kyk gitu bisa lolos ya sedangkan orang kyk kamu sama hizu malah ga lolos heran...","1774290883107864718","","cursingname","in","eng/idn ","1","1","0","https://x.com/dctroit/status/1774290883107864718","1470004417466232834","dctroit"
"1774287684405698666","Sun Mar 31 04:08:43 +0000 2024","0","hah gue mimpi gue dapet IISMA di OZ...","1774287684405698666","","","in","","0","0","0","https://x.com/tokki3mari/status/1774287684405698666","1512021388344791043","tokki3mari"
"1774286416358543790","Sun Mar 31 04:03:40 +0000 2024","1","kamu klo aku jelek bakal terima gak? lu mau sejelek apelagi monyed","1774286416358543790","","","in","","0","1","0","https://x.com/rukipar/status/1774286416358543790","1139799461834551297","rukipar"
"1774274546948087889","Sun Mar 31 04:01:28 +0000 2024","1","@cursingname Iisma itu plus nya apa ya kak? Makin kesini kok kayak khusus buat yg punya ordal aja(?)","1774285860109959198","","cursingname","in","","0","5","0","https://x.com/stfxuje/status/1774285860109959198","1672828228594188288","stfxuje"
"1774278863390154882","Sun Mar 31 03:54:10 +0000 2024","13","@IISMAfess &gt; meanwhile b pilih host uni yang mungkin less competitive dan essay dia achievements dia sangat qualified dan bisa menutupi kekurangan di interview dia. You can conclude it by yourself Don't compare things you don't exactly know :)) IISMA tidak menilai dari 1 parameter saja","1774284025123033438","","holabitha","in","","0","0","0","https://x.com/holabitha/status/1774284025123033438","1760485611151216640","holabitha"
"1774283546733183426","Sun Mar 31 03:52:16 +0000 2024","2","DOSEN ANNOUNCE RESEARCH PROJECTTT DAN TOPICNYA KYKNYA SERUUUU tp gw udh iisma mending buat tmnku yang mau EP di itril","1774283546733183426","","","in","","0","2","0","https://x.com/dapoiesis/status/1774283546733183426","1204343863688646657","dapoiesis"
"1774283309767668031","Sun Mar 31 03:51:20 +0000 2024","1","demi allah kagak respect bgt buat orang-orang yg kek begini ada orang yang mati-matian nge-konstruk Essay tapi tetep ga lulus iisma (aku even ke tahap itv pun tidak ) tapi yang kepilih jadi ewordi iisma malah buat Essay cuma asal copy punya orang doang SPILL THE TEA DONG! ","1774283309767668031","","","in","","0","0","0","https://x.com/akubebanibuku/status/1774283309767668031","1598558518780788736","akubebanibuku"
"1774281456262787080","Sun Mar 31 03:43:58 +0000 2024","2","Dear IISMA! awardees co-funding syarat pas apply nnt itu udh harus nyertain berkas kayak skck gitu kah? Btw itu pembuatannya berapa hari ya? Tia^^","1774281456262787080","","","in","","0","1","0","https://x.com/IISMAfess/status/1774281456262787080","1499958413467344896","IISMAfess"
"1774281275421184249","Sun Mar 31 03:43:15 +0000 2024","0","shock kalo lu masuk fapsi","1774281275421184249","","","in","she/they 21","0","0","0","https://x.com/psikobagiduo/status/1774281275421184249","1561926421626650624","psikobagiduo"
"1774268558413099283","Sun Mar 31 03:35:34 +0000 2024","0","@khthoughts_ tiba-tiba next year dpt iisma sampe ke rusia","1774279343226978694","","khthoughts_","in","","0","1","0","https://x.com/caineofphilo/status/1774279343226978694","1594151963461292033","caineofphilo"
"1774092586132865504","Sun Mar 31 03:31:31 +0000 2024","0","@granolish Mau bgt ka iisma di situ","1774278321817387287","","granolish","in","","0","0","0","https://x.com/sherkive/status/1774278321817387287","1209807922215022594","sherkive"
"1774270314404544784","Sun Mar 31 02:59:41 +0000 2024","0","otak! kalian harus tau aku kmrn aja sempet tbtb jatuh hati sama salah 1 kating kedokteran (satu fakultas) yg lulus iisma ketemu aja ga pernah cmn liat foto dia di ig. pernah suka mapres univ yg kedokteran jg padahal ga pernah ketemu. intinya yg otaknya encer tu menawan hati","1774270314404544784","","","in","","0","0","0","https://x.com/xxcrystaallx/status/1774270314404544784","1209692737890504704","xxcrystaallx"
"1774237799195288000","Sun Mar 31 00:50:29 +0000 2024","0","MAHIR TOEFL DARI BASIC AUTO 500+ Free 2× TOEFL Prediction sharing beasiswa recording kelas 20× Meetings + e-certif More info: DM #TOEFL #IELTS #lestoefl #lesbahasainggris #kursusbahasainggris #LPDP #kursustoefl #CPNS #IISMA #BUMN #les #kursus #Scholarship #testtoefl https://t.co/wwyEr53Aat","1774237799195288000","https://pbs.twimg.com/media/GJ9b38FaQAAR0FL.jpg","","in","","0","0","0","https://x.com/xnhanaaa/status/1774237799195288000","1338820612437864449","xnhanaaa"
"1774128451706106322","Sat Mar 30 22:54:33 +0000 2024","0","@IISMAfess satu setengah jam","1774208620911333807","","IISMAfess","in","she/they 21","0","0","0","https://x.com/psikobagiduo/status/1774208620911333807","1561926421626650624","psikobagiduo"
"1774204997292773411","Sat Mar 30 22:40:09 +0000 2024","0","Dia lolos IISMA ucapin selamat kali ya?? Tp takut ganggu dia hm....","1774204997292773411","","","in","","0","0","0","https://x.com/VALLTPBKNJATOH/status/1774204997292773411","1555905258051608576","VALLTPBKNJATOH"
"1774168973762081273","Sat Mar 30 22:23:27 +0000 2024","0","@pancake_dome EH LITHUANIA ADA GA YA :(((","1774200794474217691","","pancake_dome","in","she/they 21","0","1","0","https://x.com/psikobagiduo/status/1774200794474217691","1561926421626650624","psikobagiduo"
"1774199101745516559","Sat Mar 30 22:16:43 +0000 2024","14","Gw sama adek gw g terlalu deket selama di Indo krn sibuk masing2. Tp pas w iisma di yg kebetulan kampus dia juga gw jadi bs sering hang. Dan tbh gw sama dia banyak hal yg sama krn selama ini gw baru nyadar dia nyontoh gw a lot. Kyk during my time there we got a lot closer https://t.co/limQG48hWu","1774199101745516559","https://pbs.twimg.com/media/GJ84qyUakAAJ4Fd.jpg","","in","not vancouver","0","2","0","https://x.com/sechinbisan/status/1774199101745516559","1569697209335296001","sechinbisan"
"1773921144011456896","Sat Mar 30 21:12:06 +0000 2024","0","@avrch1ves haloo kak mau tanya2 tentang iisma di dm apakah boleh? karena aku mau cari tau lebih tysm^^","1774182842135965892","","avrch1ves","in","","0","1","0","https://x.com/99sfiles/status/1774182842135965892","1272860195887083520","99sfiles"
"1774179647150039379","Sat Mar 30 21:03:55 +0000 2024","0","gw kaga lolos iisma masa gw bilang ngapain lo anjing pada pamer ew ??? ","1774180778924232709","","Bithecanthropus","tl","rant.un-labeled.account","1","1","0","https://x.com/Bithecanthropus/status/1774180778924232709","1159652370633986048","Bithecanthropus"
"1774178481309622646","Sat Mar 30 20:54:48 +0000 2024","1","Gue iri terus dari dulu liat temen snm sbmnya ijo liat temen keterima mandiri ptn liat temen keterima iisma. Tapi yaudah kek they worked hard for that themselves no? They got every right to be happy and share it to socmed. Gue sih off socmed dulu dan besok2nya baru nyelametin.","1774178484501512262","","jigiput","in","she/her - homophobes dni","0","1","0","https://x.com/jigiput/status/1774178484501512262","1054235355048685569","jigiput"
"1774143698994909370","Sat Mar 30 20:29:29 +0000 2024","0","@wowzalive bandung itu pergerakannya slow living gitu","1774172114540716116","","wowzalive","in","she/they 21","0","1","0","https://x.com/psikobagiduo/status/1774172114540716116","1561926421626650624","psikobagiduo"
"1774128383091478970","Sat Mar 30 20:00:33 +0000 2024","0","@BeastJaeyun @BelleSeeun Dudung dosen HarvardYuniversiti nanti Dudung yang ngajarin awardee IISMA.","1774164836022386749","","LovableSungho","in","2001 , 제로베이스원's HANBIN ","0","1","0","https://x.com/takemebaick/status/1774164836022386749","874047729420206081","takemebaick"
"1774158569828757643","Sat Mar 30 19:35:39 +0000 2024","1","Fase kuliah: Sem 1: anjay masuk ugm tapi online :( Sem 2: stress bgt di rumah trs fomo sm org2 yg udh selesai Sem 3: FINALLY OFFLINE! main sana sini sibuk panit Sem 4: PSDMO PRK SIAPIN IISMA STRES DIKIT Sem 5: iisma 🇭🇺️️‍ Sem 6: TPS tapi agak gabut jadi bergumul 24/7","1774158569828757643","","","in","","0","0","0","https://x.com/skywvss/status/1774158569828757643","1566755912957603840","skywvss"
"1774156062746148950","Sat Mar 30 19:25:42 +0000 2024","10","Mungkin itu gunanya IISMA dan LPDP LN","1774156062746148950","","","in","Jakarta Capital Region","0","2","0","https://x.com/bennysiauw89/status/1774156062746148950","409049792","bennysiauw89"
"1774153340076892413","Sat Mar 30 19:14:53 +0000 2024","2","klo taun dpn msh ada iisma mrk wajib partner up w hong kong uni sih one of the best school in asia and I LOVE HK","1774153340076892413","","","in","POOCHINA ","0","0","0","https://x.com/tabibiba/status/1774153340076892413","1119176613021642752","tabibiba"
"1774153062732771794","Sat Mar 30 19:13:46 +0000 2024","1","plisss rep cari mutualan yg mau ikut MSIB7","1774153062732771794","","","in","","0","1","0","https://x.com/iniisaahh/status/1774153062732771794","1551151423135817728","iniisaahh"
"1774138051947827469","Sat Mar 30 18:57:27 +0000 2024","0","@pentolkuriya Anak iisma ko blumm tdur miii","1774148954105802960","","pentolkuriya","in","mars","0","1","0","https://x.com/heheyaterus/status/1774148954105802960","1451580078442246145","heheyaterus"
"1774148737776136395","Sat Mar 30 18:56:35 +0000 2024","0","mau punya temen iisma ke RRC biar punya gantungan kunci mao ze dong sama kaos xi jinping","1774148737776136395","","","in","","0","0","0","https://x.com/FreakyYay/status/1774148737776136395","1133251534819479557","FreakyYay"
"1774051205716860932","Sat Mar 30 15:42:52 +0000 2024","0","@woonhakthekid ANJRITTT dua kata lucu: jaehyun iisma","1774099984285348024","","woonhakthekid","in","","0","0","0","https://x.com/taesanlogy/status/1774099984285348024","1744848440805523456","taesanlogy"
"1774087443102544345","Sat Mar 30 15:35:50 +0000 2024","0","@shaldndra Kykk region aku disuru buat gtt utk dikirimin ke host uni kitaaaa","1774098215299862983","","shaldndra","in","","0","0","0","https://x.com/monichatime/status/1774098215299862983","1312722224680296448","monichatime"
"1774087443102544345","Sat Mar 30 15:35:32 +0000 2024","0","@author_wetpet MWAH","1774098140268040393","","author_wetpet","in","","0","0","0","https://x.com/monichatime/status/1774098140268040393","1312722224680296448","monichatime"
"1774095176165986640","Sat Mar 30 15:32:12 +0000 2024","6","@IISMAfess btw jgn lgsg gerak sndiri buat urusan ini lbh baik semua komunikasi ke host uni atau pihak iisma satu jalur via sr saja (tp klo km sr baiklah)","1774097302107689410","","IISMAfess","in","exoplanet","0","0","0","https://x.com/telorsoel/status/1774097302107689410","1476561698991403013","telorsoel"
"1774095620665745912","Sat Mar 30 15:25:31 +0000 2024","0","kadang gw ada niatan mw pake identitas asli di akun ini AWAOKWKWKWK","1774095620665745912","","","in","","0","0","0","https://x.com/marinettebgnoir/status/1774095620665745912","1235019439457726464","marinettebgnoir"
"1774095176165986640","Sat Mar 30 15:23:45 +0000 2024","4","IISMA! adakah yang belum dapet email dari host uni kalian? Kalo kek gini berarti harus ngirim email ke host uni duluan ya?","1774095176165986640","","","in","","0","6","0","https://x.com/IISMAfess/status/1774095176165986640","1499958413467344896","IISMAfess"
"1774094557086691788","Sat Mar 30 15:21:18 +0000 2024","5","gw cape bgt jd pgn (utk pelarian) bikin thread/konten/tulisan ngebedah my iisma prep","1774094557086691788","","","in","exoplanet","0","2","0","https://x.com/telorsoel/status/1774094557086691788","1476561698991403013","telorsoel"
"1774093212464156980","Sat Mar 30 15:15:57 +0000 2024","8","guys ini ktp dah pada diganti/isi? apa nunggu disuruh ajah iisma! https://t.co/tpOKVqAKWA","1774093212464156980","https://pbs.twimg.com/media/GJ7YYA0a8AAZcHm.png","","in","","0","2","1","https://x.com/IISMAfess/status/1774093212464156980","1499958413467344896","IISMAfess"
"1774092332037738851","Sat Mar 30 15:12:27 +0000 2024","0","Gak tau tiba-tiba pengen nangis. Setelah ikut pelatihan KTI PILMAPRES kembaliin laptop teman sampai kos langsung ngerasa mau nangis... Belum lagi buka WhatsApp ada banyak chat masuk tentang deadline kegiatan dan tugas. Capek mau nelpon mamak juga sudah gak ada tenaga","1774092332037738851","","","in","","0","0","0","https://x.com/happyliklik/status/1774092332037738851","1497845356415303682","happyliklik"
"1774091591822770639","Sat Mar 30 15:09:31 +0000 2024","1","temen temen iisma aku mau ganti akun nih jadi rant krn gk kepake jd baiknya kalian bub ak aja yh trimss~","1774091591822770639","","","in","","0","0","0","https://x.com/dumBlilli/status/1774091591822770639","1662874943527464962","dumBlilli"
"1774087443102544345","Sat Mar 30 14:56:20 +0000 2024","3","ps. akuu yang design using figma","1774088273834697031","","monichatime","in","","0","0","0","https://x.com/monichatime/status/1774088273834697031","1312722224680296448","monichatime"
"1773959352178954725","Sat Mar 30 14:53:14 +0000 2024","0","@anahiejm Berankat sekampung wes","1774087493526442271","","anahiejm","in","","0","0","0","https://x.com/monichatime/status/1774087493526442271","1312722224680296448","monichatime"
"1774080461339586562","Sat Mar 30 14:53:11 +0000 2024","0","@pasipasipapaaa @IISMAfess sorry oot bundle det gabisa sharing 2 orang nder","1774087484399636529","","pasipasipapaaa","tl","","0","0","0","https://x.com/jaehyunightsky/status/1774087484399636529","4668378554","jaehyunightsky"
"1774087443102544345","Sat Mar 30 14:53:02 +0000 2024","794","MAU IKUTAAAN⭐️ https://t.co/sS0DtH294j","1774087443102544345","https://pbs.twimg.com/media/GJ7TH2YaUAAzIeL.jpg","","in","","4","9","22","https://x.com/monichatime/status/1774087443102544345","1312722224680296448","monichatime"
"1774083807010037898","Sat Mar 30 14:38:35 +0000 2024","4","Dua Ribuan Mahasiswa Lolos Beasiswa IISMA 2024 Ketua Program: Selamat Datang Generasi Indonesia Emas https://t.co/pBFHChdmgw #TempoCantika","1774083807010037898","","","in","Indonesia","0","0","0","https://x.com/tempodotco/status/1774083807010037898","18129942","tempodotco"
"1773658527329890416","Sat Mar 30 14:33:01 +0000 2024","0","@letterjww Kannnn dah lama apalagi kalau u besok daftar iisma susah ketemu si","1774082407005819351","","letterjww","in","","0","0","0","https://x.com/parfaict/status/1774082407005819351","1248601436381839361","parfaict"
"1774081850635624655","Sat Mar 30 14:30:48 +0000 2024","5","Terimakasih pada awardees 2023 yg masih sering reminiscing iisma moments di timeline karena nunjukin kalo aku ga sendirian : )","1774081850635624655","","","in","","0","2","0","https://x.com/sherkive/status/1774081850635624655","1209807922215022594","sherkive"
"1774080461339586562","Sat Mar 30 14:25:17 +0000 2024","3","IISMA! yang udah yakin mau co funding temenan yukk","1774080461339586562","","","in","","0","15","0","https://x.com/IISMAfess/status/1774080461339586562","1499958413467344896","IISMAfess"
"1774072306886942727","Sat Mar 30 14:05:58 +0000 2024","0","@n0dned bro gue nonton juga lg KWKWKW","1774075600359272731","","n0dned","in","","0","1","0","https://x.com/renlukee/status/1774075600359272731","1408166980444516352","renlukee"
"1774074893338063107","Sat Mar 30 14:03:09 +0000 2024","1","HAHAHHA LUCU BGT MAKASIH DAH BIKIN MOOD GW MEMBAIK","1774074893338063107","","","in","","0","0","0","https://x.com/marinettebgnoir/status/1774074893338063107","1235019439457726464","marinettebgnoir"
"1774073723068485644","Sat Mar 30 13:58:30 +0000 2024","0","semoga sambatan gw disini masih dibatas wajar","1774073723068485644","","","in","","0","0","0","https://x.com/marinettebgnoir/status/1774073723068485644","1235019439457726464","marinettebgnoir"
"1774073397162779043","Sat Mar 30 13:57:13 +0000 2024","0","agak good mood pas liat jokes dan naga wkwkwk random bgt gw bejir","1774073397162779043","","","in","","0","0","0","https://x.com/marinettebgnoir/status/1774073397162779043","1235019439457726464","marinettebgnoir"
"1774055632355967473","Sat Mar 30 13:56:17 +0000 2024","1","@Ieowon Jatah iisma lu buat gw aj","1774073163770671252","","Ieowon","in","Osaka-fu, Japan","0","0","0","https://x.com/kazukha/status/1774073163770671252","1290181634667327488","kazukha"
"1774073003715989683","Sat Mar 30 13:55:39 +0000 2024","0","hadeh senin kembali ngampus while being fomo w/ the others yg dah pada mudik","1774073003715989683","","","in","","0","0","0","https://x.com/marinettebgnoir/status/1774073003715989683","1235019439457726464","marinettebgnoir"
"1774072753328726493","Sat Mar 30 13:54:39 +0000 2024","0","Omg adu nasib paling tidak berguna yg pernah gw baca","1774072753328726493","","","in","","0","0","0","https://x.com/marinettebgnoir/status/1774072753328726493","1235019439457726464","marinettebgnoir"
"1774070269537325557","Sat Mar 30 13:44:47 +0000 2024","0","the only way yg bs buat gw senyum skrg kayaknya kukis matcha nya ayes","1774070269537325557","","","in","","0","0","0","https://x.com/marinettebgnoir/status/1774070269537325557","1235019439457726464","marinettebgnoir"
"1774070075005521957","Sat Mar 30 13:44:01 +0000 2024","0","Asal ada paman bisa harusnya","1774070075005521957","","","in","","0","0","0","https://x.com/marinettebgnoir/status/1774070075005521957","1235019439457726464","marinettebgnoir"
"1774069492085403821","Sat Mar 30 13:41:42 +0000 2024","0","Mau nangis kek i dont feel so okay with everything semuanya kek salah.","1774069492085403821","","","in","","0","0","0","https://x.com/marinettebgnoir/status/1774069492085403821","1235019439457726464","marinettebgnoir"
"1774069329115619615","Sat Mar 30 13:41:03 +0000 2024","0","DAMN (demi apapun mau nangis)","1774069329115619615","","","in","","0","0","0","https://x.com/marinettebgnoir/status/1774069329115619615","1235019439457726464","marinettebgnoir"
"1774067222983623091","Sat Mar 30 13:32:41 +0000 2024","14","Anyway waktu gue buat essai iisma tuh gue lagu di salah satu lowest point of my life due to family issues. Gue sbg anak pertama tuh sgt amat merasakan bebannya sampe gue ke psikolog. Guess what? I used it as my hook for my essay https://t.co/6I38nEMLfV","1774067222983623091","https://pbs.twimg.com/media/GJ7AvEHbIAADvC0.jpg","","in","","0","2","0","https://x.com/Naiverse_/status/1774067222983623091","1731138419424997376","Naiverse_"
"1774067163294580802","Sat Mar 30 13:32:26 +0000 2024","0","mff bgt gue bkn tipe org yg segabut itu utk memahami kode lu klo emg ada yg mw disampaikan pls lgsng aja gausah pake isyarat yg memusingkan dgn makna berlapis yg tidak berfaedah. Keep it simple and clear please.","1774067163294580802","","","in","","0","0","0","https://x.com/marinettebgnoir/status/1774067163294580802","1235019439457726464","marinettebgnoir"
"1774067149738496198","Sat Mar 30 13:32:23 +0000 2024","0","post-iisma goodness: jd anker (anak kereta)","1774067149738496198","","","in","","0","1","0","https://x.com/pavloveas/status/1774067149738496198","1111917363631263745","pavloveas"
"1774066907962028476","Sat Mar 30 13:31:26 +0000 2024","0","Kemaren dibilang silakan take care of yourself giliran gw beneran ngelakuin itu dibilang lagi gatau terima kasih dan ga pekaan ya mau lu apa sih? Kasitau aja gausah main kode gw gangerti dan gamau ribet jd pls be frontal","1774066907962028476","","","in","","0","0","0","https://x.com/marinettebgnoir/status/1774066907962028476","1235019439457726464","marinettebgnoir"
"1773767319128559749","Sat Mar 30 13:27:46 +0000 2024","0","@nasigoreing DEMIAPAPUN MFF BARU LIATT","1774065987849199708","","nasigoreing","in","","0","1","0","https://x.com/marinettebgnoir/status/1774065987849199708","1235019439457726464","marinettebgnoir"
"1774062414813970590","Sat Mar 30 13:19:04 +0000 2024","0","@hannncill juara 1 harapan gue","1774063795826221115","","hannncill","in","","0","0","0","https://x.com/renlukee/status/1774063795826221115","1408166980444516352","renlukee"
"1774063777975329227","Sat Mar 30 13:18:59 +0000 2024","10","Fase gamon iisma ini kayaknya bakal sembuh kalo dapet kesempatan study abroad lagi dah ","1774063777975329227","","","in","","4","3","4","https://x.com/piririyupi/status/1774063777975329227","1655874266183921669","piririyupi"
"1774063720978858452","Sat Mar 30 13:18:46 +0000 2024","1","Ini bukan program MBKM yang IISMA itu bukan magang tapi pertukaran mahasiswa ke LN jadi jangan bawa MBKM itu beda..krna aku juga termasuk yang ikut Program Kampus Merdeka.","1774063720978858452","","","in","Jakarta Pusat, DKJ ","0","0","0","https://x.com/DiHannn_/status/1774063720978858452","557451211","DiHannn_"
"1774062849142489318","Sat Mar 30 13:15:18 +0000 2024","17","Mau ngulang iisma lagi boleh gasi","1774062849142489318","","","in","","0","5","6","https://x.com/piririyupi/status/1774062849142489318","1655874266183921669","piririyupi"
"1773604435039596837","Sat Mar 30 13:12:31 +0000 2024","1","@kegabutanagata gue dukung","1774062149029273933","","kegabutanagata","in","","0","0","0","https://x.com/soaringcrow_/status/1774062149029273933","1514545687769550852","soaringcrow_"
"1774061571746218194","Sat Mar 30 13:10:13 +0000 2024","0","never have i ever thought bakal kangen nonton windah basudara tp kangen nonton windah basudara sama indira maia","1774061571746218194","","","in","","0","3","0","https://x.com/soaringcrow_/status/1774061571746218194","1514545687769550852","soaringcrow_"
"1774045965315670126","Sat Mar 30 13:07:58 +0000 2024","0","@talentlessme ANJAAYY KEREN BGT SR SATU INII SEMANGAT SAYANGKUU &lt;3","1774061006152671328","","talentlessme","in","","0","0","0","https://x.com/soaringcrow_/status/1774061006152671328","1514545687769550852","soaringcrow_"
"1774060690384580719","Sat Mar 30 13:06:43 +0000 2024","0","aku relate sekaliii. waktu ngurus iisma sana sini aku ngerasa bersalah trs grgr ibun keluar banyak duit. tiap di kosan selalu nangis karena takut hasilnya ga sesuai tapi alhamdulillah aku lolos! ibun jg not from the rich mana anaknya ga cuman aku doang t___t","1774060690384580719","","","in","","0","0","0","https://x.com/ayayapper/status/1774060690384580719","1542579531776524289","ayayapper"
"1774060491268300908","Sat Mar 30 13:05:56 +0000 2024","0","belum jadi iisma awardee 2024 tapi jadi Bank Indonesia scholarship awardee. God is good","1774060491268300908","","","in","","0","0","0","https://x.com/98linjur/status/1774060491268300908","1333104503785025536","98linjur"
"1774059236974383485","Sat Mar 30 13:00:57 +0000 2024","1","pesona IISMA awardee https://t.co/OEVOyCoSiB","1774059236974383485","https://pbs.twimg.com/ext_tw_video_thumb/1691473809763901440/pu/img/63Y-0W_LBORON9fp.jpg","","in","🕯️ PUROK ENAM 🕯️","0","0","0","https://x.com/latekamikaze/status/1774059236974383485","141862702","latekamikaze"
"1774058768000745966","Sat Mar 30 12:59:05 +0000 2024","0","bjirrrr dokyeom encore aju nice sampe celananya robek : D","1774058768000745966","","","in","she/her - 🇲🇨 03’","0","0","0","https://x.com/lilacmoon22/status/1774058768000745966","1318209317200261121","lilacmoon22"
"1774057322727538809","Sat Mar 30 12:53:20 +0000 2024","2","kk awardee iisma! co-fund ke UK ada yang lagi senggang dan bisa di tanya-tanya ga malam ini? terima kasih ️","1774057322727538809","","","in","","0","0","0","https://x.com/IISMAfess/status/1774057322727538809","1499958413467344896","IISMAfess"
"1774056350634647758","Sat Mar 30 12:49:29 +0000 2024","1","guys klo ini bisa coret semuanya ga sih? aku mahasiswa snmptn biasa https://t.co/Qq5NtdLKl3","1774056350634647758","https://pbs.twimg.com/media/GJ62pyIaAAADSmq.png","","in","","0","1","0","https://x.com/alkagongbu/status/1774056350634647758","1731364495929548800","alkagongbu"
"1773930171478970710","Sat Mar 30 12:46:27 +0000 2024","0","@semirnoff_ @Ezraa__ pp selalu bikin emosi jir","1774055588538032424","","semirnoff_","in","she/they 21","0","0","0","https://x.com/psikobagiduo/status/1774055588538032424","1561926421626650624","psikobagiduo"
"1774009709051416601","Sat Mar 30 12:35:01 +0000 2024","0","@oeuvrelegy dia kalau lolos iisma ambil kampus apa ya","1774052713103610007","","oeuvrelegy","in","Nuggetz's. ","0","1","0","https://x.com/Moonarest/status/1774052713103610007","1720397409799536640","Moonarest"
"1774051205716860932","Sat Mar 30 12:34:44 +0000 2024","0","@woonhakthekid bismillah awardee iisma yale 25","1774052642563797145","","woonhakthekid","in","jangan follow duluan. ","0","1","0","https://x.com/11O16O124OO/status/1774052642563797145","3287844026","11O16O124OO"
"1774051205716860932","Sat Mar 30 12:29:47 +0000 2024","0","@woonhakthekid RANDOM BGT JADI IISMA","1774051393999135217","","woonhakthekid","in","read rentry.","0","1","0","https://x.com/louelies/status/1774051393999135217","2757671199","louelies"
"1774051205716860932","Sat Mar 30 12:29:02 +0000 2024","3","naksir sejadinya jadinya anjinggg fluent bgt jaehyun bismillah semester depan iisma","1774051205716860932","","","in","21, she/her","0","5","0","https://x.com/woonhakthekid/status/1774051205716860932","1649776635577794565","woonhakthekid"
"1774012346392088712","Sat Mar 30 11:28:53 +0000 2024","0","@UGM_FESS Nurul ashri mardliyah pogung raya mpd","1774036070734364987","","UGM_FESS","in","universitas gadjah mada","0","0","0","https://x.com/putwriiii/status/1774036070734364987","1679856504441294848","putwriiii"
"1774033902820262038","Sat Mar 30 11:20:17 +0000 2024","0","ini dorongan dari mana gue tiba2 mau iisma......","1774033902820262038","","","in","","0","1","0","https://x.com/meilsque/status/1774033902820262038","853623935929270272","meilsque"
"1774026925692084284","Sat Mar 30 11:19:01 +0000 2024","0","@cimowyregal KEREN BANGET! ","1774033583872843911","","cimowyregal","hu","","0","1","0","https://x.com/iismahereicome/status/1774033583872843911","1648620604311080963","iismahereicome"
"1774032430107947427","Sat Mar 30 11:14:25 +0000 2024","0","Orang2 indo pada idolain arab padahal arab2 pandang rendah orang indo‍️","1774032430107947427","","","in","Poussay, France","0","0","0","https://x.com/orangterbejo/status/1774032430107947427","447893950","orangterbejo"
"1774014135141069304","Sat Mar 30 11:11:58 +0000 2024","0","@aubr3yplaza GASSS SBLM KAMU IISMA","1774031811510952251","","aubr3yplaza","in","","0","1","0","https://x.com/seirockmybodyya/status/1774031811510952251","1606855918960115712","seirockmybodyya"
"1774019393531588660","Sat Mar 30 11:11:06 +0000 2024","0","@aquariusboy_1 Asli euy wishlist gakepenuhi terus","1774031593252008086","","aquariusboy_1","in","Poussay, France","0","0","0","https://x.com/orangterbejo/status/1774031593252008086","447893950","orangterbejo"
"1774031063385514440","Sat Mar 30 11:09:00 +0000 2024","0","iisma nih questionable yaa pilihannya tp gw kepilih","1774031063385514440","","","in","","0","1","0","https://x.com/ijustlostmymain/status/1774031063385514440","1576706532519006209","ijustlostmymain"
"1774030261849911434","Sat Mar 30 11:05:48 +0000 2024","0","Bujetttt mulai stress gwehh -UTS -IISMA -KERJAAN lu maju gua tidur.","1774030261849911434","","","in","","0","0","0","https://x.com/dinarestt/status/1774030261849911434","1241008584013385729","dinarestt"
"1774029793836904607","Sat Mar 30 11:03:57 +0000 2024","0","iisma siapanya iis dahlia","1774029793836904607","","","in","she. 18↑ ","0","1","2","https://x.com/gon_dangdia/status/1774029793836904607","1293233839586684928","gon_dangdia"
"1774027942370410665","Sat Mar 30 10:56:35 +0000 2024","0","Aaa daritadi mati lampu aaa gabisa bgtt","1774027942370410665","","","in","","0","0","0","https://x.com/marinettebgnoir/status/1774027942370410665","1235019439457726464","marinettebgnoir"
"1774027721561248019","Sat Mar 30 10:55:43 +0000 2024","0","Keren banget wei tahun ini yang lolos IISMA di kampus ada 17 orang tahun lalu cuma 10. Semangat study abroad nya adik2 ","1774027721561248019","","","in","Location Unknown","0","0","0","https://x.com/renaldxyz/status/1774027721561248019","442398541","renaldxyz"
"1774018976273904122","Sat Mar 30 10:54:22 +0000 2024","0","@rjosefano02 hai ci sini iisma lagi","1774027384590840266","","rjosefano02","in","","0","0","0","https://x.com/ymmikk/status/1774027384590840266","1347777294446649350","ymmikk"
"1774027354350002561","Sat Mar 30 10:54:15 +0000 2024","0","CEPAT IDUPIN LAMPUNYA AHHH","1774027354350002561","","","in","","0","0","0","https://x.com/marinettebgnoir/status/1774027354350002561","1235019439457726464","marinettebgnoir"
"1774027259856420878","Sat Mar 30 10:53:53 +0000 2024","0","BURUAN IDUPIN LAMPUNYA ARGHHH","1774027259856420878","","","in","","0","0","0","https://x.com/marinettebgnoir/status/1774027259856420878","1235019439457726464","marinettebgnoir"
"1774024435236053035","Sat Mar 30 10:42:39 +0000 2024","0","ternyata katingku (beda fakultas) ada yg lolos iisma wow","1774024435236053035","","","in","any pronouns ","0","2","0","https://x.com/Rp990jt/status/1774024435236053035","1415686892482228236","Rp990jt"
"1773990462598394362","Sat Mar 30 10:38:23 +0000 2024","0","@L1LICORE lu pake high heels ga sih","1774023360424579233","","jatinangyaru","in","she/they 21","0","1","0","https://x.com/psikobagiduo/status/1774023360424579233","1561926421626650624","psikobagiduo"
"1774022958455074912","Sat Mar 30 10:36:47 +0000 2024","5","Cycle of life: sd tarung buat masuk smp favorit - smp tarung buat masuk sma favorit - sma tarung buat dapet ptn top 10 - pas kuliah tarung buat dapet msib/iisma - kerja tarung buat masuk pns/bumn/perusahaan bonafide Kesimpulan: pajak lu tetep dimakanin ani aninya eselon 1","1774022958455074912","","","in","","0","1","0","https://x.com/vnimaniye_/status/1774022958455074912","2386542566","vnimaniye_"
"1774022933645758486","Sat Mar 30 10:36:41 +0000 2024","0","aku akan swlalu melanggengkan jaehyuk sebagai anak manajemen iup iisma awardee magang unilever anak mun liburan ke bali kayak depok-jakarta","1774022933645758486","","","in","he / him ","0","0","0","https://x.com/mahesarchive/status/1774022933645758486","757814095655546880","mahesarchive"
"1774000477581218011","Sat Mar 30 10:35:45 +0000 2024","0","@lilrosettes susah teknik mah buat iisma lulus telat bisa","1774022697825313243","","luvellou","in","","0","1","0","https://x.com/witczh_/status/1774022697825313243","1675467390115803136","witczh_"
"1774000611727667466","Sat Mar 30 09:08:39 +0000 2024","2","menurut gue ini lebih nyebelin dari orkay ikut iisma sih","1774000779202039953","","menjijikkan","in","","0","1","0","https://x.com/menjijikkan/status/1774000779202039953","2907108714","menjijikkan"
"1774000696700071987","Sat Mar 30 09:08:20 +0000 2024","0","guys ada yg sekarang lagi di kutek?","1774000696700071987","","","in","","0","0","0","https://x.com/marinettebgnoir/status/1774000696700071987","1235019439457726464","marinettebgnoir"
"1773914299049955405","Sat Mar 30 09:06:33 +0000 2024","2","@dianscorner @utfess halo kak aku bole dm kakak ga? soalnya ga sengaja liat profil kakak lolos iisma ","1774000250300350535","","dianscorner","in","surga","0","1","0","https://x.com/alstruggled/status/1774000250300350535","1336705119119818752","alstruggled"
"1773842228752048459","Sat Mar 30 08:59:16 +0000 2024","0","@mintzmina pengangguran yah","1773998415703339296","","mintzmina","in","she/they 21","0","1","0","https://x.com/psikobagiduo/status/1773998415703339296","1561926421626650624","psikobagiduo"
"1773989098761683275","Sat Mar 30 08:50:54 +0000 2024","55","@wizardfes Hermione masuk komunitas IISMA fighter","1773996311450378342","","wizardfes","in","","0","0","0","https://x.com/SECTUMSEMPRIDE/status/1773996311450378342","1353634853808263168","SECTUMSEMPRIDE"
"1773754579492188552","Sat Mar 30 08:49:19 +0000 2024","1","@cookiedrxps mjbb tp are you kak fay yg awardee cu iisma di tiktok itu bukan sii?","1773995913855582369","","fayhaqi","in","overthinker and yapper","0","1","0","https://x.com/faireedustt/status/1773995913855582369","1469574294447353858","faireedustt"
"1773992254925078948","Sat Mar 30 08:34:47 +0000 2024","1","IISMA! ada kakak2 awardee upf? mau tanya2 buat iisma co-fund ","1773992254925078948","","","in","","0","2","0","https://x.com/IISMAfess/status/1773992254925078948","1499958413467344896","IISMAfess"
"1773991800744915132","Sat Mar 30 08:32:59 +0000 2024","2","Bismillah masuk ui trs keterima IISMA ke leiden","1773991800744915132","","","in","","0","0","0","https://x.com/yellowtheko/status/1773991800744915132","1166688043266277376","yellowtheko"
"1773991225999409316","Sat Mar 30 08:30:42 +0000 2024","0","Pls ada mootsku yg bikin ini dong biar bisa aku qrt ","1773991225999409316","","","in","Carat Land ","0","0","0","https://x.com/HoshiKkokkoya/status/1773991225999409316","832171450429628416","HoshiKkokkoya"
"1773990740106125602","Sat Mar 30 08:28:46 +0000 2024","18","JANJI GAK IISMA IISMA-AN??? WKWKWKWKWKKWKW https://t.co/tG30CNz4Ce","1773990740106125602","https://pbs.twimg.com/media/GJ57LHya4AAECoz.jpg","","in","","0","1","0","https://x.com/mo_ongazer/status/1773990740106125602","1594922437283487744","mo_ongazer"
"1773990513450102854","Sat Mar 30 08:27:52 +0000 2024","0","‼️FLASH SALE‼️ Efektif Meningkatkan Skor TOEFL bersama tutor berpengalaman Les TOEFL bimbel TOEFL kelas TOEFL bimbingan TOEFL kursus tba Cp. https://t.co/RZozR9mKES #LPDP #BUMN #CPNS #TOEFL #Scholarship #bahasainggris #IISMA #AAS #beasiswa #lestoefl #bimbel #studyabroad https://t.co/wEbICwzeKM","1773990513450102854","https://pbs.twimg.com/media/GJ5690EbUAAqAT2.jpg","","in","","0","0","0","https://x.com/MoonJNae/status/1773990513450102854","1291214239655329792","MoonJNae"
"1773695556860211603","Sat Mar 30 08:26:07 +0000 2024","0","@5eijiii AWWW THANK YOU THIS IS A REALLY SPECIFIC AND BEAUTIFUL COMPLIMENT I'M HONOREDD T^T Tpi mungkin mostly nnt yg ku-GA selera buku jaman SMP-SMA ku yg belum sebagus skrg WKKWKW gapapa lah ya stay tuned then :3","1773990072716771823","","5eijiii","in","Carat Land ","0","0","0","https://x.com/HoshiKkokkoya/status/1773990072716771823","832171450429628416","HoshiKkokkoya"
"1773989825147969801","Sat Mar 30 08:25:08 +0000 2024","7","seharian ngezoom https://t.co/xzkEcJOloB","1773989825147969801","https://pbs.twimg.com/media/GJ56V3baEAA5MzN.jpg","","in","she/they 21","0","0","0","https://x.com/psikobagiduo/status/1773989825147969801","1561926421626650624","psikobagiduo"
"1773989680893321597","Sat Mar 30 08:24:33 +0000 2024","0","TKI yang jadi ani2 di luar bikin citra jelek cewe indo aja https://t.co/19fuoisttk","1773989680893321597","","","in","Poussay, France","0","0","0","https://x.com/orangterbejo/status/1773989680893321597","447893950","orangterbejo"
"1767067713523118222","Sat Mar 30 08:24:00 +0000 2024","0","@studeiry @dohtore @IISMAfess Btw disclaimer aku awardee 24 jadi blm berangkat yaa tapi setauku kata alumni belajarnya pake bhs Inggris kokk. Sesuai ketentuan IISMA pake EPT nya bisa DET/IELTS/TOEFL tpi disesuaikan lagi apakah kampusnya menerima/ga menerima EPT tertentu yaa. Aku pribadi pake DET.","1773989540971065431","","studeiry","in","Carat Land ","0","1","0","https://x.com/HoshiKkokkoya/status/1773989540971065431","832171450429628416","HoshiKkokkoya"
"1773988062638514509","Sat Mar 30 08:18:07 +0000 2024","0","Bgstt","1773988062638514509","","","in","Poussay, France","0","0","0","https://x.com/orangterbejo/status/1773988062638514509","447893950","orangterbejo"
"1773987408888930724","Sat Mar 30 08:15:32 +0000 2024","0","Nanya serius orang dah nikah selingkuh tuh ga inget momen2 bahagia pas wedding apa ga","1773987408888930724","","","in","Poussay, France","0","0","0","https://x.com/orangterbejo/status/1773987408888930724","447893950","orangterbejo"
"1773985753971953691","Sat Mar 30 08:13:14 +0000 2024","0","@unhasfess_ ini kita dibiayain kesana atau gimana?","1773986833879519366","","unhasfess_","in","eng/idn ","0","2","0","https://x.com/dctroit/status/1773986833879519366","1470004417466232834","dctroit"
"1773986795736449508","Sat Mar 30 08:13:05 +0000 2024","0","Tokutei ginou sih daripada ambis sbm","1773986795736449508","","","in","Poussay, France","0","0","0","https://x.com/orangterbejo/status/1773986795736449508","447893950","orangterbejo"
"1773986147187994983","Sat Mar 30 08:10:31 +0000 2024","3","Guys yg mau mutualan tpi blm aku follback krn ke-miss rep pls ️","1773986147187994983","","","in","Carat Land ","0","3","0","https://x.com/HoshiKkokkoya/status/1773986147187994983","832171450429628416","HoshiKkokkoya"
"1773985253985865956","Sat Mar 30 08:06:58 +0000 2024","0","Peserta Terpilih IISMA 2024 Capai 2.000 Lebih Mahasiswa https://t.co/WqGwEHkUWb","1773985253985865956","","","in","Batam, Indonesia","0","0","0","https://x.com/batamtoday/status/1773985253985865956","224204467","batamtoday"
"1767067713523118222","Sat Mar 30 08:04:40 +0000 2024","0","@dohtore @studeiry @IISMAfess Sejauh ini ga disebutin wajib bisa bhs Jepang sih tpi aku pribadi mau belajar bhs Jepang mandiri sebelum berangkatt","1773984676698595381","","dohtore","in","Carat Land ","0","1","0","https://x.com/HoshiKkokkoya/status/1773984676698595381","832171450429628416","HoshiKkokkoya"
"1773639143538524160","Sat Mar 30 08:03:16 +0000 2024","0","@reyhansagevti_ menang lomba dan lolos iisma","1773984322439237821","","reyhansagevti_","in","Depok, Indonesia ","0","0","0","https://x.com/Solafide_s/status/1773984322439237821","940128441105444864","Solafide_s"
"1773983265420193876","Sat Mar 30 07:59:04 +0000 2024","0","yukkk semangat uts ditengah persiapan iisma luvv myself","1773983265420193876","","","in","","0","0","0","https://x.com/_Njeeeee/status/1773983265420193876","1492794941746991105","_Njeeeee"
"1773945639765946462","Sat Mar 30 07:50:45 +0000 2024","1","@cookiedrxps @attifmuhammad_ @IISMA_AC Waah cucyokk","1773981172386906560","","fayhaqi","in","","0","0","0","https://x.com/piririyupi/status/1773981172386906560","1655874266183921669","piririyupi"
"1773980130056327580","Sat Mar 30 07:46:36 +0000 2024","2","Ngapain iisma ke Canberra Institute of Technology...","1773980130056327580","","","in","Timika","0","4","1","https://x.com/superdoraemon/status/1773980130056327580","127419885","superdoraemon"
"1773979316977832256","Sat Mar 30 07:43:22 +0000 2024","0","Pengen nembak ntu thn depan d4 bisa join iisma ga sih? (ga harus iismavo)","1773979316977832256","","","in","50:50 💛💛","0","1","0","https://x.com/ReaksiZatBarbar/status/1773979316977832256","1540582787153293312","ReaksiZatBarbar"
"1773976092367548850","Sat Mar 30 07:30:33 +0000 2024","0","GUE GA LDR TAPI UDAH 3 BULAN GA KETEMU","1773976092367548850","","","in","","0","0","0","https://x.com/thefynnn/status/1773976092367548850","1422227684197691392","thefynnn"
"1773974658632892571","Sat Mar 30 07:24:52 +0000 2024","0","selepas IISMA skripisan wisuda terus pendidikan profesi dan dapet gelar psikolog umum akan aku kejar beasiswa ke luar negri itu.","1773974658632892571","","","in","on a trip to IISMA'24. 🇷🇺","0","1","0","https://x.com/duwduy/status/1773974658632892571","1227596766666559488","duwduy"
"1773970741480026595","Sat Mar 30 07:17:10 +0000 2024","0","Carried out well cuma garis besarnya aja ya. Tapi posisi2 company orga yg sbnrnya pengen gue ikutin beda semua sama yg akhirnya gue jalanin hahaha. Termasuk host uni iisma krn gue bener2 ga ada bayangan mau ke US kecuali seminggu sblm tutup regis.","1773972722139504980","","Naiverse_","in","","0","0","0","https://x.com/Naiverse_/status/1773972722139504980","1731138419424997376","Naiverse_"
"1773947687911805232","Sat Mar 30 07:16:51 +0000 2024","0","@fuckphysic Lu mirip tman gw bang","1773972641617187224","","fuckphysic","in","","0","0","0","https://x.com/marinettebgnoir/status/1773972641617187224","1235019439457726464","marinettebgnoir"
"1773795867582960018","Sat Mar 30 07:15:55 +0000 2024","19","@shafiyoow That menjadi imammu while holding sajadah and giving ustad vibes","1773972406417420705","","shafiyoow","in","","1","1","0","https://x.com/marinettebgnoir/status/1773972406417420705","1235019439457726464","marinettebgnoir"
"1773970741480026595","Sat Mar 30 07:14:37 +0000 2024","0","Jadi pas iisma gue sem 4 buka (iisma 23 berarti ya) gue ga daftar tuh gue blg daftarnya nnti sem 6 aja krn gue msh byk matkul wajib kan wkwkw. Terus yaudah sebelum iisma ini secara garis besar plan gue carried out well. Lomba orga panit magang udah semua. Gue balik sisa TA ","1773972080473866452","","Naiverse_","in","","0","1","0","https://x.com/Naiverse_/status/1773972080473866452","1731138419424997376","Naiverse_"
"1773970741480026595","Sat Mar 30 07:12:47 +0000 2024","0","Gue tuh emg anaknya kalo mau sesuatu pasti prepare bener bener kan. Gue mau iisma pun plan gue udh mateng bgt. Gue tau dr tahun 1 kuliah pas semester2 selanjutnya gue udh nnya2 prodi gimana niar gue bisa 1 semester di LN + lulus 8 semester. Jd dr sem 3 gue udh nyodok matkul atas","1773971619993858107","","Naiverse_","in","","0","1","0","https://x.com/Naiverse_/status/1773971619993858107","1731138419424997376","Naiverse_"
"1773970741480026595","Sat Mar 30 07:11:31 +0000 2024","3","Dipikir-pikir selama gue iisma prep gue kek yakin bgt iisma anjir. Apa ini bener ya self manifestation and believing in yourself can make it come true. Pas gue ui juga meski gagal snmptn tp gue kek pede dan yakin bgt pasti ke UI lol.","1773971301625221558","","Naiverse_","in","","0","1","0","https://x.com/Naiverse_/status/1773971301625221558","1731138419424997376","Naiverse_"
"1773971014910886076","Sat Mar 30 07:10:23 +0000 2024","20","Kakak-kakak alumni dan temen-temen awardee IISMA! Kolom ttd dan endorsement paspor itu sama atau beda ya? Paspor sender udh ada kolom ttd tp blom di ttd. Ini tinggal dateng utk ttd atau perlu minta endorsement dulu? Mohon pencerahannnya(⁠ ⁠ꈍ⁠ᴗ⁠ꈍ⁠)","1773971014910886076","","","in","","0","3","4","https://x.com/IISMAfess/status/1773971014910886076","1499958413467344896","IISMAfess"
"1773953367502680187","Sat Mar 30 06:00:15 +0000 2024","2","Dengan bangga kami ucapkan selamat dan sukses atas prestasi sembilan Mahasiswa FKM yang berhasil mengikuti program Indonesia International Student Mobility Awards (IISMA) 2024. https://t.co/SfegBGBV2L","1773953367502680187","https://pbs.twimg.com/media/GJ5ZLkwbAAA_YbO.jpg","","in","","0","1","0","https://x.com/BEMFKMUI/status/1773953367502680187","110404464","BEMFKMUI"
"1773951588295741753","Sat Mar 30 05:53:11 +0000 2024","0","Nasib baik i dah jauh dari lelaki ii cam tu","1773951588295741753","","","in","Poussay, France","0","0","0","https://x.com/orangterbejo/status/1773951588295741753","447893950","orangterbejo"
"1773945639765946462","Sat Mar 30 05:53:07 +0000 2024","1","@attifmuhammad_ @piririyupi @IISMA_AC blio ini designer beberapa merch kita guys req apa aja bisaa dia sangat talented","1773951568691580973","","attifmuhammad_","in","","0","1","0","https://x.com/fayhaqi/status/1773951568691580973","1240838850521362433","fayhaqi"
"1773950845169901779","Sat Mar 30 05:50:14 +0000 2024","2","fase kuliah sem 1: ok uner agak sedih tp letsgo sem 2: jessup feeling unworthy tp ip naik woohoo sem 3: gagal jessup makin feeling unworthy akhirnya prokeran sem 4: iisma prep","1773950845169901779","","","in","","1","0","0","https://x.com/hazydew/status/1773950845169901779","948860930913271808","hazydew"
"1773627708888531315","Sat Mar 30 05:43:31 +0000 2024","0","@chasefeast bawa dua koper kahh","1773949154324332884","","chasefeast","in","she/they 21","0","1","0","https://x.com/psikobagiduo/status/1773949154324332884","1561926421626650624","psikobagiduo"
"1773937596550537294","Sat Mar 30 05:36:41 +0000 2024","0","@laloyyy_ jd keinget naufal yg di tiktok","1773947435741860235","","laloyyy_","in","she/her","0","0","0","https://x.com/espurecocoa/status/1773947435741860235","1102853618678489088","espurecocoa"
"1773627708888531315","Sat Mar 30 05:34:02 +0000 2024","0","@chasefeast mostly pada ukuran segitu ya... kalo 25 kurang ga ya?","1773946767060636030","","chasefeast","in","she/they 21","0","1","0","https://x.com/psikobagiduo/status/1773946767060636030","1561926421626650624","psikobagiduo"
"1773946687746445639","Sat Mar 30 05:33:43 +0000 2024","0","Wkwkwk mana di rumah ada olive oil buat masak sama olive oil buat rambut yg semerbak wanginya","1773946687746445639","","","in","Poussay, France","0","0","0","https://x.com/orangterbejo/status/1773946687746445639","447893950","orangterbejo"
"1773945639765946462","Sat Mar 30 05:29:33 +0000 2024","0","gak mau bikin sticker pack kah @IISMA_AC","1773945639765946462","","","in","","0","1","0","https://x.com/piririyupi/status/1773945639765946462","1655874266183921669","piririyupi"
"1773749663889576289","Sat Mar 30 05:16:29 +0000 2024","0","@collegemenfess FYI UIN Salatiga selama ini blm bs ikut IISMA KMMB dan blm pernah ngirim mahasiswa ke Jerman https://t.co/TVWr54gYsH","1773942351351931284","","collegemenfess","in","7/10","0","0","0","https://x.com/labeillejoie/status/1773942351351931284","219234187","labeillejoie"
"1773911937233113129","Sat Mar 30 05:15:42 +0000 2024","0","@lukesry LAHH ketua organisasiku iisma ","1773942155004063755","","lukesry","in","milkyway galaxy","0","1","0","https://x.com/barumbarimba/status/1773942155004063755","1597202930037587968","barumbarimba"
"1773941004686799018","Sat Mar 30 05:11:08 +0000 2024","87","iisma! mau nanya baju batik dibawa brp banyak ya sebaiknya? trus kan europe musim dingin apakah gak bkal kedinginan klo pake rok lilit? (aku host uninya di ceko btw) atau gmna ya mungkin alumni awardee bisa tlg jawab thank youuu","1773941004686799018","","","in","","1","7","7","https://x.com/IISMAfess/status/1773941004686799018","1499958413467344896","IISMAfess"
"1773711514006093868","Sat Mar 30 04:55:39 +0000 2024","0","@cimowyregal ngobrol aja sama koor aku kira semuanya hrs kuganti jd nama paspor tp iisma mengharuskan internalnya sesuai ktp kalo urusan LN koor setuju sesuain paspor semua","1773937109864452538","","cimowyregal","in","she/her ☻","0","1","0","https://x.com/granolish/status/1773937109864452538","1291324761516044288","granolish"
"1773711514006093868","Sat Mar 30 04:55:01 +0000 2024","0","@granolish i see tapi kalo misal ada beda sama internal iisma jadi masalah ga kk? apa gapapa?","1773936949021274511","","granolish","in","Cardiff, Wales","0","1","0","https://x.com/cimowyregal/status/1773936949021274511","1678287522949111809","cimowyregal"
"1773711514006093868","Sat Mar 30 04:52:37 +0000 2024","0","@cimowyregal imigrasi engga sih krn aku udh nyesuain semua berkas buat ke LN pake nama paspor ku (ielts visa nama di host uni) cuma jadinya beda sm nama di internal iisma (portal rekening sertif iisma)","1773936344018137584","","cimowyregal","in","she/her ☻","0","1","0","https://x.com/granolish/status/1773936344018137584","1291324761516044288","granolish"
"1773936055697482022","Sat Mar 30 04:51:28 +0000 2024","34","iisma! kolom tandatangan di paspor boleh kita tandatangan sendiri pake pulpen biasa kah? soalnya coordinator regionku barusan bilang untuk menandatangani halaman paling belakang paspor","1773936055697482022","","","in","","0","3","4","https://x.com/IISMAfess/status/1773936055697482022","1499958413467344896","IISMAfess"
"1773715436204630108","Sat Mar 30 04:50:51 +0000 2024","0","@cingcongcenk PAPAH WKWKKWK","1773935901758152821","","cingcongcenk","in","she/her","0","1","0","https://x.com/espurecocoa/status/1773935901758152821","1102853618678489088","espurecocoa"
"1773934311680741689","Sat Mar 30 04:44:32 +0000 2024","0","Sebanyak 2.277 Mahasiswa Berhasil Lolos Seleksi Beasiswa IISMA 2024 Kamu Gimana? https://t.co/IWDtL8H3DT","1773934311680741689","","","in","Jakarta","0","0","0","https://x.com/kalderanews/status/1773934311680741689","817669043792420864","kalderanews"
"1773933335452238021","Sat Mar 30 04:40:39 +0000 2024","0","sedang melakukan adegan dewasa (menyelesaikan tugas dkv dan mengurus berkas iisma)","1773933335452238021","","","in","","0","0","0","https://x.com/kiriskeris/status/1773933335452238021","1753297608498679808","kiriskeris"
"1773931595105529971","Sat Mar 30 04:33:44 +0000 2024","0","Belajar TOEFL Sekaligus Tes TOEFL ITP Resmi️ Feedback Super Detail Dari Pro Tutor Awardee Beasiswa DN/LN *free ongkir pengiriman sertifikat TOEFL #LPDP #BUMN #CPNS #TOEFL #Scholarship #bahasainggris #TOEFLIBT #IISMA #AAS #beasiswa #lestoefl #bimbel #studyabroad #testoefl https://t.co/3OznGTJBLq","1773931595105529971","https://pbs.twimg.com/media/GJ5FYKKaoAAH8_b.jpg","","in","","0","0","0","https://x.com/MoonJNae/status/1773931595105529971","1291214239655329792","MoonJNae"
"1773931335482257875","Sat Mar 30 04:32:43 +0000 2024","1","Ganti kulit aja tapi tetep lemah","1773931335482257875","","","in","Poussay, France","0","0","0","https://x.com/orangterbejo/status/1773931335482257875","447893950","orangterbejo"
"1773930050989281771","Sat Mar 30 04:27:36 +0000 2024","0","stop konten lolos iisma di fyp gue pls GUE KEK MAU TP KEK AELAH","1773930050989281771","","","in","yuno's","0","0","0","https://x.com/0214J97/status/1773930050989281771","1382733805509771265","0214J97"
"1773926348844904859","Sat Mar 30 04:12:54 +0000 2024","4","Guys klian predept uda prep apa aja???","1773926348844904859","","","in","","0","2","0","https://x.com/monichatime/status/1773926348844904859","1312722224680296448","monichatime"
"1773733781188628966","Sat Mar 30 04:09:08 +0000 2024","0","@avrch1ves nanti kita saling tampar ya avy kalo belom belajar ","1773925403855573115","","avrch1ves","in","","0","0","0","https://x.com/jaehyunightsky/status/1773925403855573115","4668378554","jaehyunightsky"
"1773733781188628966","Sat Mar 30 04:08:18 +0000 2024","0","@avrch1ves bejir sama aku jg udah banyak lupa hrs mulai lagi ","1773925193213485116","","avrch1ves","in","","0","0","0","https://x.com/jaehyunightsky/status/1773925193213485116","4668378554","jaehyunightsky"
"1773921420579672284","Sat Mar 30 03:53:19 +0000 2024","0","kek masa kemaren DiscoverNUS cuma buat sem 4 only?!?!?!? apa kabar aku yg ketolak iisma","1773921422618030486","","zzybeanie","in","Neverland","0","1","0","https://x.com/zzybeanie/status/1773921422618030486","875930603190763520","zzybeanie"
"1773921144011456896","Sat Mar 30 03:52:13 +0000 2024","2900","jumlah iisma awardees per region ⋆｡°","1773921144011456896","","","in","","52","16","303","https://x.com/avrch1ves/status/1773921144011456896","1627313264035254274","avrch1ves"
"1773916055838355483","Sat Mar 30 03:32:00 +0000 2024","0","Anjir lah gue mau pindah smg biar aman malah gangster sdm rendahnya ikutan pindah","1773916055838355483","","","in","Poussay, France","0","1","0","https://x.com/orangterbejo/status/1773916055838355483","447893950","orangterbejo"
"1773749663889576289","Sat Mar 30 03:30:47 +0000 2024","0","@bismillahtaku @collegemenfess Mantep mungkin bisa dicoba skrg. Btw aku udah lulus jadi udah gabisa ikut program kek IGIP dan IISMA : ))","1773915749213704322","","bismillahtaku","in","","0","0","0","https://x.com/kanna_kagami/status/1773915749213704322","1270288051420278789","kanna_kagami"
"1773714418318377304","Sat Mar 30 03:27:26 +0000 2024","0","@IISMAfess Gapapaa kok aku juga selama persiapan iisma nyambi bem organisasi eksternal dan 2 kepanitiaan. Justru sambil cari pengalaman juga nder tp tetap disesuaikan dengan porsi yang kamu bisa yaa","1773914909639876927","","IISMAfess","in","Bandung, Indonesia","0","0","0","https://x.com/cinderevv/status/1773914909639876927","1312711370882777089","cinderevv"
"1773692831112073232","Sat Mar 30 03:26:01 +0000 2024","0","@palingteguh ga IISMA ga SNBP sama2 aneh tai sistem kualifikasinya. Beneran gacha banget bangsattt.","1773914550578147485","","palingteguh","in","","0","0","0","https://x.com/karambia007/status/1773914550578147485","1241265400924364800","karambia007"
"1773896902163206625","Sat Mar 30 03:02:56 +0000 2024","0","@nyansaurus adaa","1773908742498861499","","berrynbun","in","she/they 21","0","1","0","https://x.com/psikobagiduo/status/1773908742498861499","1561926421626650624","psikobagiduo"
"1773907578344640733","Sat Mar 30 02:58:18 +0000 2024","0","Kalo ga ikut iisma akan sy perjuangkan kkn jepang tsb https://t.co/6nPi0Y5GHh","1773907578344640733","https://pbs.twimg.com/media/GJ4vipVbcAAWsrj.jpg","","in","iisma ukm'23 ","0","1","0","https://x.com/ruvhjn/status/1773907578344640733","1409695096824483841","ruvhjn"
"1773877343230288047","Sat Mar 30 02:45:54 +0000 2024","0","@furuyia MKSUT","1773904455920140631","","furuyia","in","she/they 21","0","1","0","https://x.com/psikobagiduo/status/1773904455920140631","1561926421626650624","psikobagiduo"
"1773902974802391281","Sat Mar 30 02:40:01 +0000 2024","0","Jujur gue sih sedang menikmati ayam geprek pecel lele soto betawi dan makanan-makanan indo lainnya sebelum pergi sih karena bakal kangen buangetttt! Terus banyak luangin waktu juga sama keluarga dan teman-teman terdekat","1773902974802391281","","","in","","0","0","0","https://x.com/holabitha/status/1773902974802391281","1760485611151216640","holabitha"
"1773902190849253504","Sat Mar 30 02:36:54 +0000 2024","930","️MATERI LBING SNBT 2024️ Catatan Main Idea a Thread Iisma emang keren. Tapi bisa cari main idea di paragraf panjang dalam waktu 1 menit lebih keren boshhh.. Mana nih yang bilang bahasa Inggris susah?? Coba balik lagi ke minceu pas udah baca thread ini https://t.co/iWXtjt9iWJ","1773902190849253504","https://pbs.twimg.com/media/GJ4qpCpagAA2iRB.jpg","","in","","1","1","187","https://x.com/DwuWeekend/status/1773902190849253504","1551079887993069569","DwuWeekend"
"1773896902163206625","Sat Mar 30 02:15:53 +0000 2024","18","horeee udah semua tinggal nunggu verif https://t.co/ya08OwWARN","1773896902163206625","https://pbs.twimg.com/media/GJ4l1K9bUAAlhKr.jpg","","in","she/they 21","0","3","0","https://x.com/psikobagiduo/status/1773896902163206625","1561926421626650624","psikobagiduo"
"1773396917894217906","Fri Mar 29 21:57:08 +0000 2024","0","@bebyrdsya Emang bole geb seagama?","1773831787372015703","","bebyrdsya","in","","0","0","0","https://x.com/zafyna_/status/1773831787372015703","3315529814","zafyna_"
"1773831642530074958","Fri Mar 29 21:56:34 +0000 2024","0","Hari ini hari apa?? YA BETUL HARI SABTU QoT new episode hari ini jadi ara mulai bisa nonton ep 6 karna kemarin ep 6 nya ditahan tahan terus buat ditonton karna gamau merasakan cliff hanger menyiksa ","1773831642530074958","","","in","","0","0","0","https://x.com/zafyna_/status/1773831642530074958","3315529814","zafyna_"
"1773829416583582050","Fri Mar 29 21:47:43 +0000 2024","1","Hoak gak nih?! MBKM aja kalo magang cuma lewat MSIB. Jalur ke luar negeri cuma dibuka IISMA. Awas aja sendernya nih bisa jadi fitnah kalo gak bener https://t.co/1NtvQg2cr9","1773829416583582050","https://pbs.twimg.com/media/GJ3ocwDbQAAhal4.jpg","","in","iywsi, dance to beat like this","0","0","0","https://x.com/reinyourhaart/status/1773829416583582050","1195224587845287937","reinyourhaart"
"1773164398934180002","Fri Mar 29 21:47:15 +0000 2024","0","BERASA DITANYA BUAT INTERVIEW uhmm mungkin dari aku sih yang asertif tapi juga affectionate fleksibel komunitatif accepting ga judgy gak ilang ilangan punya value yang sama introverted supportive mungkin punya ambisi dan mungkin aku cocok bgt sama feeler https://t.co/3Y1fy13wRy","1773829299696787948","https://pbs.twimg.com/media/GJ3oWOvbIAAFxX-.jpg","psikobagiduo","in","she/they 21","0","1","0","https://x.com/psikobagiduo/status/1773829299696787948","1561926421626650624","psikobagiduo"
"1773824957002473680","Fri Mar 29 21:33:29 +0000 2024","14","@pentolkuriya Milo sebelum jadi anak iisma","1773825833192538416","","pentolkuriya","in","","0","0","0","https://x.com/catsslovv/status/1773825833192538416","3190418388","catsslovv"
"1773794153396388006","Fri Mar 29 21:32:06 +0000 2024","0","@Hyungstress ngapain belajar bugil coba","1773825484746625526","","Hyungstress","in","she/they 21","0","1","0","https://x.com/psikobagiduo/status/1773825484746625526","1561926421626650624","psikobagiduo"
"1773773637189079286","Fri Mar 29 21:28:41 +0000 2024","0","@khannsssa iyaa akunnya does not exist tibatiba","1773824626227065155","","tweetnyaca","in","she/they 21","0","0","0","https://x.com/psikobagiduo/status/1773824626227065155","1561926421626650624","psikobagiduo"
"1773749663889576289","Fri Mar 29 21:25:23 +0000 2024","1","@figlianim @collegemenfess Sekarang udh ada program mosma nder sama kek iisma Bahkan dari uin jkt udh banyak awardee nyaa Cman tetep sih mosma gk ada yg ke Jerman","1773823793527750992","","figlianim","in","","0","1","0","https://x.com/bismillahtaku/status/1773823793527750992","1746832296064471040","bismillahtaku"
"1773277942912524456","Fri Mar 29 21:20:30 +0000 2024","0","@aboutreia telat satu hari ","1773822564496007393","","aboutreia","in","Indonesia","0","1","0","https://x.com/endeavoria/status/1773822564496007393","1759663071877079041","endeavoria"
"1773749663889576289","Fri Mar 29 21:18:57 +0000 2024","26","@kanna_kagami @collegemenfess Abis ini ada program IGIP kok (program baru mbkm) Merupakan program untuk magang di luar negeri Requirement kurang lebih seperti iisma Bahkan fundingnya sama dgn iisma bedanya kalo iisma pertukaran pelajar IGIP ini magang Mungkin bisa nyari info dari sekarang","1773822176871027155","","kanna_kagami","in","","0","2","3","https://x.com/bismillahtaku/status/1773822176871027155","1746832296064471040","bismillahtaku"
"1773592194458480944","Fri Mar 29 21:11:42 +0000 2024","0","@adriiillll @IISMAfess Maksudnya gimana tu kaaa??","1773820351358898518","","adriiillll","in","","0","1","0","https://x.com/holabitha/status/1773820351358898518","1760485611151216640","holabitha"
"1773815653197328717","Fri Mar 29 20:53:02 +0000 2024","1","Yg dapet LPDP or IISMA disini keknya kebanyakan cuma pada pamer foto jalan-jalan dah gitu aja.","1773815653197328717","","","in","Ultra Down South ","0","0","1","https://x.com/wahyuutomos/status/1773815653197328717","994968720","wahyuutomos"
"1773811104948617634","Fri Mar 29 20:35:51 +0000 2024","0","makan date tiap hr‍↕️","1773811331386528167","","calcaros","in","unlabeled acc","0","0","0","https://x.com/calcaros/status/1773811331386528167","1640009291028660226","calcaros"
"1773802608425398293","Fri Mar 29 20:20:39 +0000 2024","0","@hannncill pulang disambut suara2 kereta lu lok","1773807502557356297","","hannncill","in","","0","1","0","https://x.com/renlukee/status/1773807502557356297","1408166980444516352","renlukee"
"1773694701389926617","Fri Mar 29 19:54:17 +0000 2024","0","@hexiay syarat iisma kahh","1773800871245254766","","hexiay","tl","","0","1","0","https://x.com/glccie/status/1773800871245254766","1290221945603018752","glccie"
"1773793127251509273","Fri Mar 29 19:23:31 +0000 2024","1","sem 1 = kena mental krn matkul + gacocok sm lingkungannya first time konsul ke psikolog klinik makara sem 2 = panit&amp;bem akademik flop daftar utbk ulang sem 3 = terima nasib mulai ngejar IP sem 4 = mulai sadar diri buat ngebut krn smt depan udah pada iisma/intern","1773793127251509273","","","in","","0","0","0","https://x.com/fareakies/status/1773793127251509273","1164743027421663233","fareakies"
"1773792315426926636","Fri Mar 29 19:20:18 +0000 2024","0","capek bgt pengen nangis tapi aku inget kalau aku pengen jadi awarde next year","1773792315426926636","","","in","","0","0","0","https://x.com/titaheree/status/1773792315426926636","1620250909287776258","titaheree"
"1773792031737086102","Fri Mar 29 19:19:10 +0000 2024","0","kalo gue ngerjain tugas proyek (kelompok) do it my self gue egois ga? soalnya jujur lebih capek ngajak berpartisipasi orang2 ketimbang ngerjain sendiri :) udah 2 hari diajak gaada yg mau gerak sedangkan dl nya hari ini. gapapa soalnya hari ini uda lihat Seunghan ","1773792031737086102","","","in","","0","0","0","https://x.com/titaheree/status/1773792031737086102","1620250909287776258","titaheree"
"1773734160936686075","Fri Mar 29 19:04:02 +0000 2024","1","@nyansaurus hihi itsokayy cya pastiii nnt bareng kita bisaa yaa ((amin)) ","1773788223585784297","","berrynbun","in","","0","1","0","https://x.com/jaehyunightsky/status/1773788223585784297","4668378554","jaehyunightsky"
"1773786103931445290","Fri Mar 29 18:55:37 +0000 2024","0","UMR sekecil itu berkelahi dengan harapan keluarga","1773786103931445290","","","in","Poussay, France","0","0","0","https://x.com/orangterbejo/status/1773786103931445290","447893950","orangterbejo"
"1773767975671382220","Fri Mar 29 18:54:10 +0000 2024","0","Apakah kalau gaada steady ground english gabisa ikut iisma? Nope. Seinget aku ada yg dapet score det 95 yang dapet iisma. Tetapi menurut aku: - cara kamu sortir/pilihan univ kamu itu penting - you just need to practice twice or thrice as hard","1773785739396084109","","jeonjenoo","in","she/her","0","1","0","https://x.com/jeonjenoo/status/1773785739396084109","1365198916614901762","jeonjenoo"
"1773784432723611896","Fri Mar 29 18:48:58 +0000 2024","3","270 trilliun bisa jadiin iisma program wajib anak kuliah se indonesia bisa jalanin tanpa seleksi gonggg","1773784432723611896","","","in","LA girl","0","1","0","https://x.com/slwap/status/1773784432723611896","831741830458912768","slwap"
"1773684282579648986","Fri Mar 29 18:48:31 +0000 2024","0","@kireireoreo @IISMAfess Mauu mutualan kaa","1773784318286168351","","kireireoreo","in","","0","1","0","https://x.com/amlodipain/status/1773784318286168351","1551179892489736192","amlodipain"
"1773784103797899760","Fri Mar 29 18:47:40 +0000 2024","0","Njing rame bgt menfess eug","1773784103797899760","","","in","Poussay, France","0","0","0","https://x.com/orangterbejo/status/1773784103797899760","447893950","orangterbejo"
"1773783814374146119","Fri Mar 29 18:46:31 +0000 2024","0","iisma boleh bawa gitar/keyboard ga sih?","1773783814374146119","","","in","Szeged, Hungary","0","1","0","https://x.com/cingcongcenk/status/1773783814374146119","1756635420266487808","cingcongcenk"
"1773752587738812723","Fri Mar 29 18:43:41 +0000 2024","1","@IISMAfess Hubungan sama iisma ap?","1773783103313748022","","IISMAfess","in","Yo mama's house","0","0","0","https://x.com/Unpopular_Dude/status/1773783103313748022","1065166707583373312","Unpopular_Dude"
"1773702250608967728","Fri Mar 29 18:24:05 +0000 2024","0","@sbtstuff tag aku pls @pppineappllee","1773778170141102210","","sbtstuff","tl","unlabeled acc","0","0","0","https://x.com/calcaros/status/1773778170141102210","1640009291028660226","calcaros"
"1773774351785214010","Fri Mar 29 18:20:55 +0000 2024","0","@tabibiba sebrp mehong...","1773777374280343624","","tabibiba","in","unlabeled acc","0","0","0","https://x.com/calcaros/status/1773777374280343624","1640009291028660226","calcaros"
"1773764418498863356","Fri Mar 29 18:17:12 +0000 2024","0","@sleketeprikitiw gw pukul lu ribut sini","1773776438426210478","","sleketeprikitiw","in","","0","1","0","https://x.com/rukipar/status/1773776438426210478","1139799461834551297","rukipar"
"1773767975671382220","Fri Mar 29 18:16:13 +0000 2024","0","Pemilihanku terhadap DET ini juga menjadi pengaruh besar terhadap pilihan univ iisma. Pros: - cheaper - belajar dan ujiannya lebih seru dibanding ept lain - ujian (1 jam atau kurang) dan hasilnya keluar paling cepet dibanding ept lain (2 hari)","1773776191109075427","","jeonjenoo","in","she/her","0","1","0","https://x.com/jeonjenoo/status/1773776191109075427","1365198916614901762","jeonjenoo"
"1773770889110356468","Fri Mar 29 18:11:52 +0000 2024","0","@gezabayusans Waktu ga puasa di maskam setiap senin dan kamis adaaa. Aku langganan antri disana","1773775095343071474","","gezabayusans","in","universitas gadjah mada","0","0","0","https://x.com/putwriiii/status/1773775095343071474","1679856504441294848","putwriiii"
"1773717777431597484","Fri Mar 29 18:11:29 +0000 2024","0","@Kiddcat_ boleh kok gpp bgt krn setiap mahasiswa/i dikasih jatah 2x ikut program kampus merdeka apapun kombinasinanya (msib/iisma/kampus mengajar/etc) dan aku sendiri jg skrg lg msib nih dan ttp aman saja daftar iisma^^","1773775000153239560","","Kiddcat_","in","","0","1","0","https://x.com/iismahereicome/status/1773775000153239560","1648620604311080963","iismahereicome"
"1773764418498863356","Fri Mar 29 18:11:20 +0000 2024","0","@sleketeprikitiw heboh lu","1773774959967654191","","sleketeprikitiw","in","","0","1","0","https://x.com/rukipar/status/1773774959967654191","1139799461834551297","rukipar"
"1773774539471884725","Fri Mar 29 18:09:40 +0000 2024","0","ok ak mau jd collector","1773774539471884725","","","in","unlabeled acc","0","0","0","https://x.com/calcaros/status/1773774539471884725","1640009291028660226","calcaros"
"1773774351785214010","Fri Mar 29 18:09:23 +0000 2024","0","@tabibiba KA TABI INI BELI DMNAA","1773774468252619039","","tabibiba","in","unlabeled acc","0","1","0","https://x.com/calcaros/status/1773774468252619039","1640009291028660226","calcaros"
"1773773854781198513","Fri Mar 29 18:06:56 +0000 2024","0","Pengen punya sirkel yang lolos IISMA atau minimal anak LPDP atau kalau ndak gitu pernah International Conference di Singapore atau Japan. Tapi apa daya aku pemuda desa tak berpendidikan mau kuliah dah kalah ama ajakan temen yang everyday ngajak mabuk dan main wanita.","1773773854781198513","","","in","Yogyakarta, Indonesia","0","0","0","https://x.com/gezabayusans/status/1773773854781198513","1255537534030864384","gezabayusans"
"1773773637189079286","Fri Mar 29 18:06:04 +0000 2024","0","ehh salah satu iisma awardee favorit gue kok ngilang dari twitter️ deact kah beliau","1773773637189079286","","","in","she/they 21","0","1","0","https://x.com/psikobagiduo/status/1773773637189079286","1561926421626650624","psikobagiduo"
